h0_val,h_b_val,sigma_val,allocentric_val,seed,phase,straightness,time_to_target,reached_target,composite_score
0.2043,0.3839,0.0018,1,0,1,1.0,,False,0.0
0.2043,0.3839,0.0018,1,1,1,1.0,,False,0.0
0.2043,0.3839,0.0018,1,2,1,1.0,,False,0.0
0.6341,0.2847,0.1125,0,0,1,1.0,,False,0.0
0.6341,0.2847,0.1125,0,1,1,1.0,,False,0.0
0.6341,0.2847,0.1125,0,2,1,1.0,,False,0.0
0.6814,0.3124,0.3143,1,0,1,0.7781,1660.0,True,0.7671
0.6814,0.3124,0.3143,1,1,1,0.7856,1595.0,True,0.7752
0.6814,0.3124,0.3143,1,2,1,0.7803,1630.0,True,0.7697
0.6313,0.0411,0.5555,0,0,1,0.0647,,False,0.0
0.6313,0.0411,0.5555,0,1,1,0.0543,,False,0.0
0.6313,0.0411,0.5555,0,2,1,0.12,,False,0.0
0.4088,0.2597,0.0298,1,0,1,1.0,,False,0.0
0.4088,0.2597,0.0298,1,1,1,1.0,,False,0.0
0.4088,0.2597,0.0298,1,2,1,1.0,,False,0.0
0.5528,0.371,0.425,0,0,1,0.2887,525.0,True,0.3494
0.5528,0.371,0.425,0,1,1,0.2554,803.0,True,0.3138
0.5528,0.371,0.425,0,2,1,0.3058,509.0,True,0.365
0.4699,0.3065,0.4784,1,0,1,0.1599,521.0,True,0.2335
0.4699,0.3065,0.4784,1,1,1,0.1578,461.0,True,0.2328
0.4699,0.3065,0.4784,1,2,1,0.1494,422.0,True,0.226
0.659,0.2202,0.1928,0,0,1,1.0,3948.0,True,0.921
0.659,0.2202,0.1928,0,1,1,0.7523,3153.0,True,0.714
0.659,0.2202,0.1928,0,2,1,0.7898,3344.0,True,0.7439
0.3801,0.245,0.4185,0,0,1,0.1495,351.0,True,0.2275
0.3801,0.245,0.4185,0,1,1,0.1447,265.0,True,0.2249
0.3801,0.245,0.4185,0,2,1,0.1307,398.0,True,0.2097
0.4972,0.1403,0.5648,0,0,1,0.0396,,False,0.0
0.4972,0.1403,0.5648,0,1,1,0.0306,,False,0.0
0.4972,0.1403,0.5648,0,2,1,0.0419,,False,0.0
0.6916,0.2376,0.5709,0,0,1,0.0424,,False,0.0
0.6916,0.2376,0.5709,0,1,1,0.0435,,False,0.0
0.6916,0.2376,0.5709,0,2,1,0.0434,,False,0.0
0.5459,0.1881,0.0218,0,0,1,1.0,,False,0.0
0.5459,0.1881,0.0218,0,1,1,1.0,,False,0.0
0.5459,0.1881,0.0218,0,2,1,1.0,,False,0.0
0.2468,0.1055,0.4273,0,0,1,0.0836,,False,0.0
0.2468,0.1055,0.4273,0,1,1,0.0701,219.0,True,0.1587
0.2468,0.1055,0.4273,0,2,1,0.1488,207.0,True,0.2297
0.2271,0.1709,0.176,0,0,1,1.0,,False,0.0
0.2271,0.1709,0.176,0,1,1,0.8987,,False,0.0
0.2271,0.1709,0.176,0,2,1,1.0,,False,0.0
0.2132,0.3184,0.4122,0,0,1,1.0,,False,0.0
0.2132,0.3184,0.4122,0,1,1,1.0,,False,0.0
0.2132,0.3184,0.4122,0,2,1,1.0,,False,0.0
0.4762,0.1371,0.2656,1,0,1,1.0,,False,0.0
0.4762,0.1371,0.2656,1,1,1,1.0,4641.0,True,0.9072
0.4762,0.1371,0.2656,1,2,1,1.0,,False,0.0
0.3593,0.1106,0.5555,1,0,1,0.1099,817.0,True,0.1826
0.3593,0.1106,0.5555,1,1,1,0.0997,651.0,True,0.1767
0.3593,0.1106,0.5555,1,2,1,0.0991,748.0,True,0.1742
0.3189,0.1026,0.5452,1,0,1,0.0578,511.0,True,0.1418
0.3189,0.1026,0.5452,1,1,1,0.0632,445.0,True,0.148
0.3189,0.1026,0.5452,1,2,1,0.0579,502.0,True,0.1421
0.2047,0.1702,0.4999,1,0,1,0.1075,244.0,True,0.1919
0.2047,0.1702,0.4999,1,1,1,0.1113,253.0,True,0.1951
0.2047,0.1702,0.4999,1,2,1,0.1081,240.0,True,0.1925
0.5042,0.361,0.2548,1,0,1,0.5344,1769.0,True,0.5456
0.5042,0.361,0.2548,1,1,1,0.5694,1604.0,True,0.5804
0.5042,0.361,0.2548,1,2,1,0.5512,1610.0,True,0.5639
0.4451,0.2121,0.4104,0,0,1,0.2197,1632.0,True,0.2651
0.4451,0.2121,0.4104,0,1,1,0.2868,2805.0,True,0.302
0.4451,0.2121,0.4104,0,2,1,0.2147,1560.0,True,0.262
0.5447,0.0374,0.7588,1,0,1,0.5833,1884.0,True,0.5873
0.5447,0.0374,0.7588,1,1,1,0.6001,2028.0,True,0.5995
0.5447,0.0374,0.7588,1,2,1,0.585,1952.0,True,0.5874
0.4875,0.2415,0.1759,1,0,1,1.0,,False,0.0
0.4875,0.2415,0.1759,1,1,1,1.0,,False,0.0
0.4875,0.2415,0.1759,1,2,1,1.0,,False,0.0
0.4612,0.3403,0.2984,0,0,1,1.0,4986.0,True,0.9003
0.4612,0.3403,0.2984,0,1,1,1.0,2514.0,True,0.9497
0.4612,0.3403,0.2984,0,2,1,0.8606,1321.0,True,0.8481
0.2667,0.275,0.2231,0,0,1,1.0,,False,0.0
0.2667,0.275,0.2231,0,1,1,1.0,,False,0.0
0.2667,0.275,0.2231,0,2,1,1.0,,False,0.0
0.4313,0.1591,0.249,0,0,1,0.4786,2336.0,True,0.484
0.4313,0.1591,0.249,0,1,1,0.5445,2883.0,True,0.5324
0.4313,0.1591,0.249,0,2,1,0.3221,2268.0,True,0.3445
0.4529,0.1802,0.0008,1,0,1,1.0,,False,0.0
0.4529,0.1802,0.0008,1,1,1,1.0,,False,0.0
0.4529,0.1802,0.0008,1,2,1,0.9773,,False,0.0
0.3103,0.0154,0.4106,0,0,1,0.0403,,False,0.0
0.3103,0.0154,0.4106,0,1,1,0.0533,273.0,True,0.1425
0.3103,0.0154,0.4106,0,2,1,0.0339,,False,0.0
0.5263,0.3741,0.5275,0,0,1,0.2084,268.0,True,0.2822
0.5263,0.3741,0.5275,0,1,1,0.2441,266.0,True,0.3144
0.5263,0.3741,0.5275,0,2,1,0.177,272.0,True,0.2539
0.3145,0.3544,0.2688,0,0,1,1.0,,False,0.0
0.3145,0.3544,0.2688,0,1,1,0.9518,,False,0.0
0.3145,0.3544,0.2688,0,2,1,1.0,,False,0.0
0.2079,0.1218,0.7106,1,0,1,0.0561,215.0,True,0.1462
0.2079,0.1218,0.7106,1,1,1,0.056,205.0,True,0.1463
0.2079,0.1218,0.7106,1,2,1,0.0562,200.0,True,0.1466
0.2819,0.1368,0.7663,0,0,1,0.0631,181.0,True,0.1532
0.2819,0.1368,0.7663,0,1,1,0.1247,180.0,True,0.2086
0.2819,0.1368,0.7663,0,2,1,0.0682,197.0,True,0.1574
0.5219,0.3605,0.6068,1,0,1,0.1216,423.0,True,0.201
0.5219,0.3605,0.6068,1,1,1,0.117,296.0,True,0.1994
0.5219,0.3605,0.6068,1,2,1,0.1178,295.0,True,0.2001
0.4063,0.0497,0.393,0,0,1,0.0449,,False,0.0
0.4063,0.0497,0.393,0,1,1,0.044,,False,0.0
0.4063,0.0497,0.393,0,2,1,0.0425,,False,0.0
0.6643,0.3784,0.7648,1,0,1,0.2618,637.0,True,0.3229
0.6643,0.3784,0.7648,1,1,1,0.2275,517.0,True,0.2944
0.6643,0.3784,0.7648,1,2,1,0.249,566.0,True,0.3128
0.3123,0.0474,0.5591,0,0,1,0.0397,,False,0.0
0.3123,0.0474,0.5591,0,1,1,0.0375,,False,0.0
0.3123,0.0474,0.5591,0,2,1,0.0383,,False,0.0
0.4544,0.2775,0.4979,1,0,1,0.1441,576.0,True,0.2181
0.4544,0.2775,0.4979,1,1,1,0.1392,466.0,True,0.216
0.4544,0.2775,0.4979,1,2,1,0.1401,469.0,True,0.2167
0.5913,0.134,0.405,1,0,1,0.764,1641.0,True,0.7548
0.5913,0.134,0.405,1,1,1,0.7576,1478.0,True,0.7523
0.5913,0.134,0.405,1,2,1,0.7492,1555.0,True,0.7432
0.5016,0.0881,0.77,0,0,1,0.093,,False,0.0
0.5016,0.0881,0.77,0,1,1,0.1035,,False,0.0
0.5016,0.0881,0.77,0,2,1,0.1098,,False,0.0
0.5184,0.0875,0.005,0,0,1,1.0,,False,0.0
0.5184,0.0875,0.005,0,1,1,1.0,,False,0.0
0.5184,0.0875,0.005,0,2,1,1.0,,False,0.0
0.6449,0.024,0.2008,1,0,1,0.7788,2254.0,True,0.7558
0.6449,0.024,0.2008,1,1,1,0.7463,2068.0,True,0.7303
0.6449,0.024,0.2008,1,2,1,0.7317,2242.0,True,0.7137
0.6555,0.3725,0.2991,1,0,1,0.7454,1891.0,True,0.7331
0.6555,0.3725,0.2991,1,1,1,0.7515,1862.0,True,0.7391
0.6555,0.3725,0.2991,1,2,1,0.7417,1709.0,True,0.7333
0.6184,0.0395,0.7566,1,0,1,0.7261,2173.0,True,0.7101
0.6184,0.0395,0.7566,1,1,1,0.724,2176.0,True,0.708
0.6184,0.0395,0.7566,1,2,1,0.7321,2305.0,True,0.7128
0.3305,0.0413,0.5081,1,0,1,0.6334,1654.0,True,0.637
0.3305,0.0413,0.5081,1,1,1,0.5888,1041.0,True,0.6091
0.3305,0.0413,0.5081,1,2,1,0.6117,1311.0,True,0.6243
0.6726,0.1371,0.4955,1,0,1,1.0,,False,0.0
0.6726,0.1371,0.4955,1,1,1,1.0,,False,0.0
0.6726,0.1371,0.4955,1,2,1,1.0,,False,0.0
0.3162,0.0442,0.0417,0,0,1,0.073,241.0,True,0.1609
0.3162,0.0442,0.0417,0,1,1,0.0417,,False,0.0
0.3162,0.0442,0.0417,0,2,1,0.1773,2516.0,True,0.2092
0.6702,0.3445,0.2775,1,0,1,0.7952,1881.0,True,0.7781
0.6702,0.3445,0.2775,1,1,1,0.8014,1872.0,True,0.7839
0.6702,0.3445,0.2775,1,2,1,0.7883,1796.0,True,0.7736
0.627,0.1246,0.3751,0,0,1,0.0429,,False,0.0
0.627,0.1246,0.3751,0,1,1,0.043,,False,0.0
0.627,0.1246,0.3751,0,2,1,0.0442,,False,0.0
0.2262,0.1258,0.6573,0,0,1,0.0914,177.0,True,0.1787
0.2262,0.1258,0.6573,0,1,1,0.0913,178.0,True,0.1786
0.2262,0.1258,0.6573,0,2,1,0.0916,176.0,True,0.1789
0.2867,0.3037,0.5955,1,0,1,1.0,,False,0.0
0.2867,0.3037,0.5955,1,1,1,1.0,,False,0.0
0.2867,0.3037,0.5955,1,2,1,1.0,,False,0.0
0.6695,0.3611,0.4884,1,0,1,0.544,1278.0,True,0.5641
0.6695,0.3611,0.4884,1,1,1,0.5587,1188.0,True,0.5791
0.6695,0.3611,0.4884,1,2,1,0.5394,1224.0,True,0.5609
0.2996,0.3889,0.143,0,0,1,1.0,,False,0.0
0.2996,0.3889,0.143,0,1,1,1.0,,False,0.0
0.2996,0.3889,0.143,0,2,1,1.0,,False,0.0
0.6332,0.3599,0.2184,1,0,1,0.8424,2094.0,True,0.8163
0.6332,0.3599,0.2184,1,1,1,0.8471,2038.0,True,0.8216
0.6332,0.3599,0.2184,1,2,1,0.8447,1978.0,True,0.8206
0.51,0.0956,0.5173,1,0,1,1.0,4163.0,True,0.9167
0.51,0.0956,0.5173,1,1,1,0.8825,3108.0,True,0.8321
0.51,0.0956,0.5173,1,2,1,0.9548,3734.0,True,0.8846
0.3283,0.2569,0.6486,1,0,1,0.079,225.0,True,0.1666
0.3283,0.2569,0.6486,1,1,1,0.0789,221.0,True,0.1666
0.3283,0.2569,0.6486,1,2,1,0.0788,215.0,True,0.1666
0.2295,0.013,0.3206,1,0,1,0.0671,1146.0,True,0.1374
0.2295,0.013,0.3206,1,1,1,0.0626,857.0,True,0.1392
0.2295,0.013,0.3206,1,2,1,0.0694,1097.0,True,0.1405
0.3178,0.0662,0.4727,1,0,1,0.1565,1202.0,True,0.2168
0.3178,0.0662,0.4727,1,1,1,0.2068,881.0,True,0.2685
0.3178,0.0662,0.4727,1,2,1,0.1493,1088.0,True,0.2126
0.5142,0.2737,0.2917,1,0,1,0.7481,1837.0,True,0.7366
0.5142,0.2737,0.2917,1,1,1,0.7715,1876.0,True,0.7568
0.5142,0.2737,0.2917,1,2,1,0.7536,1693.0,True,0.7444
0.4776,0.0258,0.3053,0,0,1,0.041,,False,0.0
0.4776,0.0258,0.3053,0,1,1,0.0404,,False,0.0
0.4776,0.0258,0.3053,0,2,1,0.0413,,False,0.0
0.4561,0.3784,0.7669,0,0,1,0.091,207.0,True,0.1777
0.4561,0.3784,0.7669,0,1,1,0.094,213.0,True,0.1804
0.4561,0.3784,0.7669,0,2,1,0.0988,210.0,True,0.1847
0.6777,0.0081,0.1396,0,0,1,0.0503,,False,0.0
0.6777,0.0081,0.1396,0,1,1,0.0457,,False,0.0
0.6777,0.0081,0.1396,0,2,1,0.0478,,False,0.0
0.4927,0.2821,0.5541,1,0,1,0.1467,642.0,True,0.2192
0.4927,0.2821,0.5541,1,1,1,0.164,505.0,True,0.2375
0.4927,0.2821,0.5541,1,2,1,0.149,524.0,True,0.2237
0.3031,0.0301,0.1482,0,0,1,0.0533,,False,0.0
0.3031,0.0301,0.1482,0,1,1,0.0056,,False,0.0
0.3031,0.0301,0.1482,0,2,1,0.0836,270.0,True,0.1698
0.3315,0.1242,0.5178,1,0,1,0.0622,543.0,True,0.1452
0.3315,0.1242,0.5178,1,1,1,0.0722,457.0,True,0.1558
0.3315,0.1242,0.5178,1,2,1,0.0636,523.0,True,0.1468
0.555,0.3416,0.7969,0,0,1,0.0683,798.0,True,0.1455
0.555,0.3416,0.7969,0,1,1,0.07,780.0,True,0.1474
0.555,0.3416,0.7969,0,2,1,0.0607,849.0,True,0.1377
0.3718,0.2588,0.4401,1,0,1,0.1397,363.0,True,0.2184
0.3718,0.2588,0.4401,1,1,1,0.1336,328.0,True,0.2136
0.3718,0.2588,0.4401,1,2,1,0.1375,295.0,True,0.2178
0.5464,0.1797,0.515,1,0,1,0.7042,1681.0,True,0.7001
0.5464,0.1797,0.515,1,1,1,0.6488,1358.0,True,0.6567
0.5464,0.1797,0.515,1,2,1,0.6608,1459.0,True,0.6655
0.4299,0.3925,0.7233,1,0,1,1.0,,False,0.0
0.4299,0.3925,0.7233,1,1,1,1.0,,False,0.0
0.4299,0.3925,0.7233,1,2,1,1.0,,False,0.0
0.5965,0.2072,0.5259,1,0,1,0.7368,2371.0,True,0.7157
0.5965,0.2072,0.5259,1,1,1,0.6761,1670.0,True,0.6751
0.5965,0.2072,0.5259,1,2,1,0.6801,1843.0,True,0.6752
0.5977,0.3782,0.731,0,0,1,0.1004,230.0,True,0.1857
0.5977,0.3782,0.731,0,1,1,0.0978,226.0,True,0.1835
0.5977,0.3782,0.731,0,2,1,0.0979,228.0,True,0.1835
0.6957,0.3202,0.6156,1,0,1,0.545,1210.0,True,0.5663
0.6957,0.3202,0.6156,1,1,1,0.5498,1076.0,True,0.5733
0.6957,0.3202,0.6156,1,2,1,0.5267,1128.0,True,0.5515
0.568,0.0444,0.0192,0,0,1,0.0745,,False,0.0
0.568,0.0444,0.0192,0,1,1,0.09,1265.0,True,0.1557
0.568,0.0444,0.0192,0,2,1,0.0849,445.0,True,0.1675
0.3679,0.1972,0.6735,1,0,1,0.0583,266.0,True,0.1471
0.3679,0.1972,0.6735,1,1,1,0.06,240.0,True,0.1492
0.3679,0.1972,0.6735,1,2,1,0.059,252.0,True,0.1481
0.5152,0.2169,0.0196,0,0,1,1.0,,False,0.0
0.5152,0.2169,0.0196,0,1,1,1.0,,False,0.0
0.5152,0.2169,0.0196,0,2,1,1.0,,False,0.0
0.6605,0.0922,0.6189,0,0,1,0.0531,,False,0.0
0.6605,0.0922,0.6189,0,1,1,0.0465,,False,0.0
0.6605,0.0922,0.6189,0,2,1,0.0515,,False,0.0
0.2057,0.0077,0.7821,0,0,1,0.0903,,False,0.0
0.2057,0.0077,0.7821,0,1,1,0.064,210.0,True,0.1534
0.2057,0.0077,0.7821,0,2,1,0.0842,,False,0.0
0.5066,0.2199,0.7959,0,0,1,0.0194,,False,0.0
0.5066,0.2199,0.7959,0,1,1,0.0201,,False,0.0
0.5066,0.2199,0.7959,0,2,1,0.0195,,False,0.0
0.4888,0.3502,0.3282,1,0,1,0.3415,793.0,True,0.3915
0.4888,0.3502,0.3282,1,1,1,0.3584,659.0,True,0.4094
0.4888,0.3502,0.3282,1,2,1,0.3665,587.0,True,0.4181
0.423,0.186,0.7962,0,0,1,0.0455,,False,0.0
0.423,0.186,0.7962,0,1,1,0.0247,,False,0.0
0.423,0.186,0.7962,0,2,1,0.0562,,False,0.0
0.3438,0.2727,0.2255,1,0,1,0.4543,1211.0,True,0.4847
0.3438,0.2727,0.2255,1,1,1,0.4753,1221.0,True,0.5033
0.3438,0.2727,0.2255,1,2,1,0.4736,1282.0,True,0.5006
0.6068,0.3605,0.5824,1,0,1,0.3861,843.0,True,0.4306
0.6068,0.3605,0.5824,1,1,1,0.4053,641.0,True,0.4519
0.6068,0.3605,0.5824,1,2,1,0.3391,718.0,True,0.3908
0.2394,0.0215,0.0463,0,0,1,0.0278,,False,0.0
0.2394,0.0215,0.0463,0,1,1,0.0006,,False,0.0
0.2394,0.0215,0.0463,0,2,1,0.0275,,False,0.0
0.2314,0.0152,0.7517,0,0,1,0.0381,,False,0.0
0.2314,0.0152,0.7517,0,1,1,0.0824,,False,0.0
0.2314,0.0152,0.7517,0,2,1,0.0996,,False,0.0
0.6831,0.2069,0.2959,0,0,1,0.2647,1576.0,True,0.3067
0.6831,0.2069,0.2959,0,1,1,0.5188,3037.0,True,0.5062
0.6831,0.2069,0.2959,0,2,1,0.2974,1548.0,True,0.3367
0.4894,0.0643,0.6459,1,0,1,0.6408,1365.0,True,0.6494
0.4894,0.0643,0.6459,1,1,1,0.6439,1355.0,True,0.6524
0.4894,0.0643,0.6459,1,2,1,0.6373,1479.0,True,0.644
0.5869,0.288,0.7983,1,0,1,0.273,871.0,True,0.3283
0.5869,0.288,0.7983,1,1,1,0.3323,598.0,True,0.3871
0.5869,0.288,0.7983,1,2,1,0.2611,655.0,True,0.3218
0.4891,0.3666,0.0356,1,0,1,1.0,,False,0.0
0.4891,0.3666,0.0356,1,1,1,1.0,,False,0.0
0.4891,0.3666,0.0356,1,2,1,1.0,,False,0.0
0.5328,0.1731,0.3617,1,0,1,1.0,,False,0.0
0.5328,0.1731,0.3617,1,1,1,1.0,,False,0.0
0.5328,0.1731,0.3617,1,2,1,1.0,,False,0.0
0.608,0.0822,0.515,0,0,1,0.0407,,False,0.0
0.608,0.0822,0.515,0,1,1,0.0346,,False,0.0
0.608,0.0822,0.515,0,2,1,0.0366,,False,0.0
0.6536,0.3074,0.1585,1,0,1,1.0,,False,0.0
0.6536,0.3074,0.1585,1,1,1,1.0,,False,0.0
0.6536,0.3074,0.1585,1,2,1,1.0,,False,0.0
0.6238,0.2312,0.4513,1,0,1,0.8676,3073.0,True,0.8193
0.6238,0.2312,0.4513,1,1,1,0.7995,2540.0,True,0.7688
0.6238,0.2312,0.4513,1,2,1,0.8512,2917.0,True,0.8077
0.4915,0.2106,0.028,1,0,1,1.0,,False,0.0
0.4915,0.2106,0.028,1,1,1,1.0,,False,0.0
0.4915,0.2106,0.028,1,2,1,1.0,,False,0.0
0.577,0.1872,0.7208,0,0,1,0.0202,,False,0.0
0.577,0.1872,0.7208,0,1,1,0.018,,False,0.0
0.577,0.1872,0.7208,0,2,1,0.0231,,False,0.0
0.4021,0.1933,0.3851,0,0,1,0.1893,1400.0,True,0.2424
0.4021,0.1933,0.3851,0,1,1,0.1498,389.0,True,0.227
0.4021,0.1933,0.3851,0,2,1,0.1796,642.0,True,0.2488
0.2648,0.1008,0.4417,1,0,1,0.0756,415.0,True,0.1597
0.2648,0.1008,0.4417,1,1,1,0.0746,347.0,True,0.1602
0.2648,0.1008,0.4417,1,2,1,0.0747,347.0,True,0.1603
0.4415,0.1856,0.1019,0,0,1,1.0,,False,0.0
0.4415,0.1856,0.1019,0,1,1,1.0,4999.0,True,0.9
0.4415,0.1856,0.1019,0,2,1,1.0,4467.0,True,0.9107
0.2594,0.0903,0.6413,1,0,1,0.0604,212.0,True,0.1501
0.2594,0.0903,0.6413,1,1,1,0.0589,204.0,True,0.149
0.2594,0.0903,0.6413,1,2,1,0.0599,212.0,True,0.1497
0.3714,0.3236,0.3662,0,0,1,1.0,,False,0.0
0.3714,0.3236,0.3662,0,1,1,1.0,,False,0.0
0.3714,0.3236,0.3662,0,2,1,1.0,,False,0.0
0.4187,0.3104,0.4765,1,0,1,0.1421,328.0,True,0.2213
0.4187,0.3104,0.4765,1,1,1,0.1461,301.0,True,0.2255
0.4187,0.3104,0.4765,1,2,1,0.1461,276.0,True,0.226
0.3437,0.1416,0.6097,1,0,1,0.071,364.0,True,0.1566
0.3437,0.1416,0.6097,1,1,1,0.0648,327.0,True,0.1518
0.3437,0.1416,0.6097,1,2,1,0.071,361.0,True,0.1567
0.4413,0.2705,0.6635,1,0,1,0.0713,298.0,True,0.1582
0.4413,0.2705,0.6635,1,1,1,0.067,257.0,True,0.1551
0.4413,0.2705,0.6635,1,2,1,0.0674,260.0,True,0.1555
0.3245,0.0834,0.2136,0,0,1,0.1014,,False,0.0
0.3245,0.0834,0.2136,0,1,1,0.3663,1246.0,True,0.4048
0.3245,0.0834,0.2136,0,2,1,0.6882,1545.0,True,0.6885
0.4146,0.0566,0.4618,1,0,1,0.8009,2676.0,True,0.7673
0.4146,0.0566,0.4618,1,1,1,0.7106,1844.0,True,0.7027
0.4146,0.0566,0.4618,1,2,1,0.8047,2196.0,True,0.7803
0.3262,0.3263,0.0108,0,0,1,1.0,,False,0.0
0.3262,0.3263,0.0108,0,1,1,0.3563,,False,0.0
0.3262,0.3263,0.0108,0,2,1,0.5324,,False,0.0
0.6423,0.3769,0.5561,1,0,1,0.4076,997.0,True,0.4469
0.6423,0.3769,0.5561,1,1,1,0.4201,866.0,True,0.4607
0.6423,0.3769,0.5561,1,2,1,0.4405,919.0,True,0.478
0.4337,0.1583,0.2282,0,0,1,0.6963,3198.0,True,0.6627
0.4337,0.1583,0.2282,0,1,1,1.0,4273.0,True,0.9145
0.4337,0.1583,0.2282,0,2,1,0.6841,3341.0,True,0.6488
0.4463,0.3339,0.0736,1,0,1,1.0,,False,0.0
0.4463,0.3339,0.0736,1,1,1,1.0,,False,0.0
0.4463,0.3339,0.0736,1,2,1,1.0,,False,0.0
0.5488,0.3748,0.7241,0,0,1,0.0938,224.0,True,0.18
0.5488,0.3748,0.7241,0,1,1,0.164,226.0,True,0.2431
0.5488,0.3748,0.7241,0,2,1,0.0951,214.0,True,0.1813
0.3184,0.2136,0.5294,1,0,1,0.0889,255.0,True,0.1749
0.3184,0.2136,0.5294,1,1,1,0.0906,243.0,True,0.1767
0.3184,0.2136,0.5294,1,2,1,0.0926,232.0,True,0.1787
0.2891,0.0984,0.2475,1,0,1,0.9332,3596.0,True,0.868
0.2891,0.0984,0.2475,1,1,1,0.8832,2903.0,True,0.8369
0.2891,0.0984,0.2475,1,2,1,0.8603,2773.0,True,0.8188
0.5767,0.238,0.0727,0,0,1,1.0,,False,0.0
0.5767,0.238,0.0727,0,1,1,1.0,,False,0.0
0.5767,0.238,0.0727,0,2,1,1.0,,False,0.0
0.6915,0.1435,0.1131,1,0,1,1.0,,False,0.0
0.6915,0.1435,0.1131,1,1,1,1.0,,False,0.0
0.6915,0.1435,0.1131,1,2,1,1.0,,False,0.0
0.4581,0.1707,0.5741,0,0,1,0.0458,,False,0.0
0.4581,0.1707,0.5741,0,1,1,0.0404,,False,0.0
0.4581,0.1707,0.5741,0,2,1,0.0451,,False,0.0
0.3956,0.084,0.2682,1,0,1,1.0,,False,0.0
0.3956,0.084,0.2682,1,1,1,1.0,,False,0.0
0.3956,0.084,0.2682,1,2,1,1.0,,False,0.0
0.6666,0.3951,0.0909,0,0,1,1.0,,False,0.0
0.6666,0.3951,0.0909,0,1,1,1.0,,False,0.0
0.6666,0.3951,0.0909,0,2,1,1.0,,False,0.0
0.6673,0.0807,0.546,1,0,1,0.6721,1696.0,True,0.671
0.6673,0.0807,0.546,1,1,1,0.6472,1763.0,True,0.6472
0.6673,0.0807,0.546,1,2,1,0.6802,1872.0,True,0.6747
0.283,0.0455,0.3727,1,0,1,0.5067,1170.0,True,0.5326
0.283,0.0455,0.3727,1,1,1,0.5141,1033.0,True,0.5421
0.283,0.0455,0.3727,1,2,1,0.5094,1157.0,True,0.5353
0.603,0.0843,0.7984,1,0,1,0.5721,1779.0,True,0.5793
0.603,0.0843,0.7984,1,1,1,0.5784,1977.0,True,0.581
0.603,0.0843,0.7984,1,2,1,0.6488,1877.0,True,0.6464
0.3413,0.2686,0.7497,0,0,1,0.0722,202.0,True,0.1609
0.3413,0.2686,0.7497,0,1,1,0.0722,204.0,True,0.1609
0.3413,0.2686,0.7497,0,2,1,0.0724,216.0,True,0.1609
0.6143,0.31,0.2926,1,0,1,1.0,,False,0.0
0.6143,0.31,0.2926,1,1,1,1.0,,False,0.0
0.6143,0.31,0.2926,1,2,1,1.0,,False,0.0
0.4034,0.0693,0.1884,0,0,2,0.1263,771.0,True,0.1982
0.4034,0.0693,0.1884,0,1,2,0.1088,,False,0.0
0.4034,0.0693,0.1884,0,2,2,0.109,,False,0.0
0.4034,0.0693,0.1884,0,3,2,0.0278,,False,0.0
0.4034,0.0693,0.1884,0,4,2,0.0548,,False,0.0
0.4034,0.0693,0.1884,1,0,2,1.0,,False,0.0
0.4034,0.0693,0.1884,1,1,2,1.0,,False,0.0
0.4034,0.0693,0.1884,1,2,2,1.0,,False,0.0
0.4034,0.0693,0.1884,1,3,2,1.0,,False,0.0
0.4034,0.0693,0.1884,1,4,2,1.0,,False,0.0
0.4034,0.0693,0.2884,0,0,2,0.0525,,False,0.0
0.4034,0.0693,0.2884,0,1,2,0.0515,,False,0.0
0.4034,0.0693,0.2884,0,2,2,0.0491,,False,0.0
0.4034,0.0693,0.2884,0,3,2,0.0402,,False,0.0
0.4034,0.0693,0.2884,0,4,2,0.0567,,False,0.0
0.4034,0.0693,0.2884,1,0,2,0.9791,3297.0,True,0.9152
0.4034,0.0693,0.2884,1,1,2,0.951,2751.0,True,0.9008
0.4034,0.0693,0.2884,1,2,2,0.9729,3192.0,True,0.9118
0.4034,0.0693,0.2884,1,3,2,0.9562,2991.0,True,0.9007
0.4034,0.0693,0.2884,1,4,2,0.953,2928.0,True,0.8991
0.4034,0.0693,0.3884,0,0,2,0.0503,,False,0.0
0.4034,0.0693,0.3884,0,1,2,0.0507,,False,0.0
0.4034,0.0693,0.3884,0,2,2,0.0515,,False,0.0
0.4034,0.0693,0.3884,0,3,2,0.0506,,False,0.0
0.4034,0.0693,0.3884,0,4,2,0.0507,,False,0.0
0.4034,0.0693,0.3884,1,0,2,1.0,,False,0.0
0.4034,0.0693,0.3884,1,1,2,1.0,4353.0,True,0.9129
0.4034,0.0693,0.3884,1,2,2,1.0,,False,0.0
0.4034,0.0693,0.3884,1,3,2,1.0,4807.0,True,0.9039
0.4034,0.0693,0.3884,1,4,2,1.0,4658.0,True,0.9068
0.4034,0.0693,0.4884,0,0,2,0.0436,,False,0.0
0.4034,0.0693,0.4884,0,1,2,0.0429,,False,0.0
0.4034,0.0693,0.4884,0,2,2,0.0443,,False,0.0
0.4034,0.0693,0.4884,0,3,2,0.0426,,False,0.0
0.4034,0.0693,0.4884,0,4,2,0.0434,,False,0.0
0.4034,0.0693,0.4884,1,0,2,0.8269,2984.0,True,0.7845
0.4034,0.0693,0.4884,1,1,2,0.7434,1857.0,True,0.7319
0.4034,0.0693,0.4884,1,2,2,0.7505,2294.0,True,0.7296
0.4034,0.0693,0.4884,1,3,2,0.7702,2015.0,True,0.7528
0.4034,0.0693,0.4884,1,4,2,0.7646,2075.0,True,0.7467
0.4034,0.1693,0.1884,0,0,2,0.811,3200.0,True,0.7659
0.4034,0.1693,0.1884,0,1,2,0.6696,2482.0,True,0.653
0.4034,0.1693,0.1884,0,2,2,0.6774,2548.0,True,0.6587
0.4034,0.1693,0.1884,0,3,2,0.6204,2226.0,True,0.6138
0.4034,0.1693,0.1884,0,4,2,0.7159,2550.0,True,0.6933
0.4034,0.1693,0.1884,1,0,2,1.0,,False,0.0
0.4034,0.1693,0.1884,1,1,2,1.0,,False,0.0
0.4034,0.1693,0.1884,1,2,2,1.0,4721.0,True,0.9056
0.4034,0.1693,0.1884,1,3,2,1.0,,False,0.0
0.4034,0.1693,0.1884,1,4,2,1.0,,False,0.0
0.4034,0.1693,0.2884,0,0,2,0.4026,2770.0,True,0.4069
0.4034,0.1693,0.2884,0,1,2,0.2814,787.0,True,0.3375
0.4034,0.1693,0.2884,0,2,2,0.3835,2186.0,True,0.4014
0.4034,0.1693,0.2884,0,3,2,0.5988,3542.0,True,0.5681
0.4034,0.1693,0.2884,0,4,2,0.5347,3322.0,True,0.5147
0.4034,0.1693,0.2884,1,0,2,1.0,,False,0.0
0.4034,0.1693,0.2884,1,1,2,1.0,,False,0.0
0.4034,0.1693,0.2884,1,2,2,1.0,,False,0.0
0.4034,0.1693,0.2884,1,3,2,1.0,,False,0.0
0.4034,0.1693,0.2884,1,4,2,1.0,,False,0.0
0.4034,0.1693,0.3884,0,0,2,0.1854,1638.0,True,0.2341
0.4034,0.1693,0.3884,0,1,2,0.18,1367.0,True,0.2347
0.4034,0.1693,0.3884,0,2,2,0.1713,1411.0,True,0.226
0.4034,0.1693,0.3884,0,3,2,0.1635,960.0,True,0.228
0.4034,0.1693,0.3884,0,4,2,0.2148,2082.0,True,0.2517
0.4034,0.1693,0.3884,1,0,2,0.6758,2056.0,True,0.6671
0.4034,0.1693,0.3884,1,1,2,0.6203,1467.0,True,0.6289
0.4034,0.1693,0.3884,1,2,2,0.6253,1542.0,True,0.632
0.4034,0.1693,0.3884,1,3,2,0.6412,1807.0,True,0.6409
0.4034,0.1693,0.3884,1,4,2,0.6461,1658.0,True,0.6484
0.4034,0.1693,0.4884,0,0,2,0.1106,1108.0,True,0.1774
0.4034,0.1693,0.4884,0,1,2,0.0902,1059.0,True,0.16
0.4034,0.1693,0.4884,0,2,2,0.0912,4470.0,True,0.0927
0.4034,0.1693,0.4884,0,3,2,0.0746,280.0,True,0.1615
0.4034,0.1693,0.4884,0,4,2,0.1148,937.0,True,0.1846
0.4034,0.1693,0.4884,1,0,2,0.4217,1078.0,True,0.4579
0.4034,0.1693,0.4884,1,1,2,0.4556,781.0,True,0.4944
0.4034,0.1693,0.4884,1,2,2,0.4655,939.0,True,0.5001
0.4034,0.1693,0.4884,1,3,2,0.4731,1024.0,True,0.5053
0.4034,0.1693,0.4884,1,4,2,0.4698,836.0,True,0.5061
0.4034,0.2693,0.1884,0,0,2,0.876,2515.0,True,0.8381
0.4034,0.2693,0.1884,0,1,2,0.8241,3284.0,True,0.776
0.4034,0.2693,0.1884,0,2,2,0.9724,3482.0,True,0.9055
0.4034,0.2693,0.1884,0,3,2,1.0,,False,0.0
0.4034,0.2693,0.1884,0,4,2,0.9947,4073.0,True,0.9138
0.4034,0.2693,0.1884,1,0,2,0.7754,2101.0,True,0.7559
0.4034,0.2693,0.1884,1,1,2,0.7692,2046.0,True,0.7513
0.4034,0.2693,0.1884,1,2,2,0.7502,2102.0,True,0.7331
0.4034,0.2693,0.1884,1,3,2,0.7701,2017.0,True,0.7527
0.4034,0.2693,0.1884,1,4,2,0.7796,2243.0,True,0.7568
0.4034,0.2693,0.2884,0,0,2,0.4114,972.0,True,0.4508
0.4034,0.2693,0.2884,0,1,2,0.3529,851.0,True,0.4006
0.4034,0.2693,0.2884,0,2,2,0.3888,785.0,True,0.4342
0.4034,0.2693,0.2884,0,3,2,0.3642,1029.0,True,0.4072
0.4034,0.2693,0.2884,0,4,2,0.4264,996.0,True,0.4638
0.4034,0.2693,0.2884,1,0,2,0.4584,1057.0,True,0.4914
0.4034,0.2693,0.2884,1,1,2,0.4364,895.0,True,0.4749
0.4034,0.2693,0.2884,1,2,2,0.4167,782.0,True,0.4594
0.4034,0.2693,0.2884,1,3,2,0.4609,801.0,True,0.4988
0.4034,0.2693,0.2884,1,4,2,0.4366,1166.0,True,0.4696
0.4034,0.2693,0.3884,0,0,2,0.1839,683.0,True,0.2518
0.4034,0.2693,0.3884,0,1,2,0.1789,490.0,True,0.2512
0.4034,0.2693,0.3884,0,2,2,0.142,445.0,True,0.2189
0.4034,0.2693,0.3884,0,3,2,0.1921,536.0,True,0.2622
0.4034,0.2693,0.3884,0,4,2,0.1835,605.0,True,0.2531
0.4034,0.2693,0.3884,1,0,2,0.1847,641.0,True,0.2534
0.4034,0.2693,0.3884,1,1,2,0.1817,522.0,True,0.2531
0.4034,0.2693,0.3884,1,2,2,0.1789,421.0,True,0.2526
0.4034,0.2693,0.3884,1,3,2,0.1784,437.0,True,0.2518
0.4034,0.2693,0.3884,1,4,2,0.1851,682.0,True,0.253
0.4034,0.2693,0.4884,0,0,2,0.1105,266.0,True,0.1941
0.4034,0.2693,0.4884,0,1,2,0.0942,288.0,True,0.179
0.4034,0.2693,0.4884,0,2,2,0.0984,259.0,True,0.1834
0.4034,0.2693,0.4884,0,3,2,0.108,249.0,True,0.1922
0.4034,0.2693,0.4884,0,4,2,0.1165,232.0,True,0.2002
0.4034,0.2693,0.4884,1,0,2,0.1269,353.0,True,0.2071
0.4034,0.2693,0.4884,1,1,2,0.1223,328.0,True,0.2035
0.4034,0.2693,0.4884,1,2,2,0.1232,301.0,True,0.2049
0.4034,0.2693,0.4884,1,3,2,0.1209,330.0,True,0.2022
0.4034,0.2693,0.4884,1,4,2,0.1233,368.0,True,0.2036
0.4034,0.3693,0.1884,0,0,2,1.0,,False,0.0
0.4034,0.3693,0.1884,0,1,2,0.8701,,False,0.0
0.4034,0.3693,0.1884,0,2,2,1.0,,False,0.0
0.4034,0.3693,0.1884,0,3,2,0.3874,,False,0.0
0.4034,0.3693,0.1884,0,4,2,1.0,,False,0.0
0.4034,0.3693,0.1884,1,0,2,1.0,,False,0.0
0.4034,0.3693,0.1884,1,1,2,1.0,,False,0.0
0.4034,0.3693,0.1884,1,2,2,1.0,,False,0.0
0.4034,0.3693,0.1884,1,3,2,0.8632,,False,0.0
0.4034,0.3693,0.1884,1,4,2,0.7611,,False,0.0
0.4034,0.3693,0.2884,0,0,2,1.0,,False,0.0
0.4034,0.3693,0.2884,0,1,2,1.0,,False,0.0
0.4034,0.3693,0.2884,0,2,2,1.0,,False,0.0
0.4034,0.3693,0.2884,0,3,2,0.2152,,False,0.0
0.4034,0.3693,0.2884,0,4,2,1.0,,False,0.0
0.4034,0.3693,0.2884,1,0,2,1.0,,False,0.0
0.4034,0.3693,0.2884,1,1,2,1.0,,False,0.0
0.4034,0.3693,0.2884,1,2,2,1.0,,False,0.0
0.4034,0.3693,0.2884,1,3,2,1.0,,False,0.0
0.4034,0.3693,0.2884,1,4,2,0.4876,,False,0.0
0.4034,0.3693,0.3884,0,0,2,1.0,,False,0.0
0.4034,0.3693,0.3884,0,1,2,1.0,,False,0.0
0.4034,0.3693,0.3884,0,2,2,1.0,,False,0.0
0.4034,0.3693,0.3884,0,3,2,1.0,,False,0.0
0.4034,0.3693,0.3884,0,4,2,0.9239,,False,0.0
0.4034,0.3693,0.3884,1,0,2,1.0,,False,0.0
0.4034,0.3693,0.3884,1,1,2,1.0,,False,0.0
0.4034,0.3693,0.3884,1,2,2,1.0,,False,0.0
0.4034,0.3693,0.3884,1,3,2,1.0,,False,0.0
0.4034,0.3693,0.3884,1,4,2,1.0,,False,0.0
0.4034,0.3693,0.4884,0,0,2,1.0,,False,0.0
0.4034,0.3693,0.4884,0,1,2,1.0,,False,0.0
0.4034,0.3693,0.4884,0,2,2,1.0,,False,0.0
0.4034,0.3693,0.4884,0,3,2,1.0,,False,0.0
0.4034,0.3693,0.4884,0,4,2,0.4552,,False,0.0
0.4034,0.3693,0.4884,1,0,2,1.0,,False,0.0
0.4034,0.3693,0.4884,1,1,2,1.0,,False,0.0
0.4034,0.3693,0.4884,1,2,2,1.0,,False,0.0
0.4034,0.3693,0.4884,1,3,2,1.0,,False,0.0
0.4034,0.3693,0.4884,1,4,2,1.0,,False,0.0
0.5023,0.0693,0.1884,0,0,2,0.0414,,False,0.0
0.5023,0.0693,0.1884,0,1,2,0.0425,,False,0.0
0.5023,0.0693,0.1884,0,2,2,0.0403,,False,0.0
0.5023,0.0693,0.1884,0,3,2,0.0333,,False,0.0
0.5023,0.0693,0.1884,0,4,2,0.0321,,False,0.0
0.5023,0.0693,0.1884,1,0,2,0.8337,2382.0,True,0.8027
0.5023,0.0693,0.1884,1,1,2,0.8267,2343.0,True,0.7971
0.5023,0.0693,0.1884,1,2,2,0.8408,2461.0,True,0.8075
0.5023,0.0693,0.1884,1,3,2,0.8467,2281.0,True,0.8164
0.5023,0.0693,0.1884,1,4,2,0.9208,3012.0,True,0.8685
0.5023,0.0693,0.2884,0,0,2,0.0425,,False,0.0
0.5023,0.0693,0.2884,0,1,2,0.0426,,False,0.0
0.5023,0.0693,0.2884,0,2,2,0.0482,,False,0.0
0.5023,0.0693,0.2884,0,3,2,0.04,,False,0.0
0.5023,0.0693,0.2884,0,4,2,0.043,,False,0.0
0.5023,0.0693,0.2884,1,0,2,1.0,,False,0.0
0.5023,0.0693,0.2884,1,1,2,1.0,4488.0,True,0.9102
0.5023,0.0693,0.2884,1,2,2,1.0,,False,0.0
0.5023,0.0693,0.2884,1,3,2,1.0,4720.0,True,0.9056
0.5023,0.0693,0.2884,1,4,2,1.0,4789.0,True,0.9042
0.5023,0.0693,0.3884,0,0,2,0.0422,,False,0.0
0.5023,0.0693,0.3884,0,1,2,0.0339,,False,0.0
0.5023,0.0693,0.3884,0,2,2,0.0434,,False,0.0
0.5023,0.0693,0.3884,0,3,2,0.0401,,False,0.0
0.5023,0.0693,0.3884,0,4,2,0.0446,,False,0.0
0.5023,0.0693,0.3884,1,0,2,0.9751,3791.0,True,0.9018
0.5023,0.0693,0.3884,1,1,2,0.7893,2635.0,True,0.7577
0.5023,0.0693,0.3884,1,2,2,0.8666,3002.0,True,0.8199
0.5023,0.0693,0.3884,1,3,2,0.8207,2662.0,True,0.7854
0.5023,0.0693,0.3884,1,4,2,0.8399,2692.0,True,0.802
0.5023,0.0693,0.4884,0,0,2,0.0433,,False,0.0
0.5023,0.0693,0.4884,0,1,2,0.039,,False,0.0
0.5023,0.0693,0.4884,0,2,2,0.0341,,False,0.0
0.5023,0.0693,0.4884,0,3,2,0.0686,2057.0,True,0.1206
0.5023,0.0693,0.4884,0,4,2,0.044,,False,0.0
0.5023,0.0693,0.4884,1,0,2,1.0,,False,0.0
0.5023,0.0693,0.4884,1,1,2,1.0,,False,0.0
0.5023,0.0693,0.4884,1,2,2,1.0,,False,0.0
0.5023,0.0693,0.4884,1,3,2,1.0,,False,0.0
0.5023,0.0693,0.4884,1,4,2,1.0,,False,0.0
0.5023,0.1693,0.1884,0,0,2,0.7661,3008.0,True,0.7293
0.5023,0.1693,0.1884,0,1,2,0.7584,2991.0,True,0.7227
0.5023,0.1693,0.1884,0,2,2,0.8941,3510.0,True,0.8345
0.5023,0.1693,0.1884,0,3,2,0.6568,2431.0,True,0.6425
0.5023,0.1693,0.1884,0,4,2,0.6952,2758.0,True,0.6705
0.5023,0.1693,0.1884,1,0,2,1.0,,False,0.0
0.5023,0.1693,0.1884,1,1,2,1.0,,False,0.0
0.5023,0.1693,0.1884,1,2,2,1.0,,False,0.0
0.5023,0.1693,0.1884,1,3,2,1.0,,False,0.0
0.5023,0.1693,0.1884,1,4,2,1.0,,False,0.0
0.5023,0.1693,0.2884,0,0,2,0.273,2223.0,True,0.3012
0.5023,0.1693,0.2884,0,1,2,0.644,3671.0,True,0.6062
0.5023,0.1693,0.2884,0,2,2,0.414,2259.0,True,0.4274
0.5023,0.1693,0.2884,0,3,2,0.1196,,False,0.0
0.5023,0.1693,0.2884,0,4,2,0.3602,2085.0,True,0.3825
0.5023,0.1693,0.2884,1,0,2,1.0,,False,0.0
0.5023,0.1693,0.2884,1,1,2,1.0,,False,0.0
0.5023,0.1693,0.2884,1,2,2,1.0,,False,0.0
0.5023,0.1693,0.2884,1,3,2,1.0,,False,0.0
0.5023,0.1693,0.2884,1,4,2,1.0,,False,0.0
0.5023,0.1693,0.3884,0,0,2,0.0841,,False,0.0
0.5023,0.1693,0.3884,0,1,2,0.4817,3321.0,True,0.4672
0.5023,0.1693,0.3884,0,2,2,0.3215,2791.0,True,0.3336
0.5023,0.1693,0.3884,0,3,2,0.1429,455.0,True,0.2195
0.5023,0.1693,0.3884,0,4,2,0.0856,,False,0.0
0.5023,0.1693,0.3884,1,0,2,1.0,,False,0.0
0.5023,0.1693,0.3884,1,1,2,1.0,,False,0.0
0.5023,0.1693,0.3884,1,2,2,1.0,,False,0.0
0.5023,0.1693,0.3884,1,3,2,1.0,,False,0.0
0.5023,0.1693,0.3884,1,4,2,1.0,,False,0.0
0.5023,0.1693,0.4884,0,0,2,0.0376,,False,0.0
0.5023,0.1693,0.4884,0,1,2,0.0477,,False,0.0
0.5023,0.1693,0.4884,0,2,2,0.0364,,False,0.0
0.5023,0.1693,0.4884,0,3,2,0.0458,,False,0.0
0.5023,0.1693,0.4884,0,4,2,0.0477,,False,0.0
0.5023,0.1693,0.4884,1,0,2,0.7393,2418.0,True,0.717
0.5023,0.1693,0.4884,1,1,2,0.6841,1903.0,True,0.6776
0.5023,0.1693,0.4884,1,2,2,0.7208,2247.0,True,0.7037
0.5023,0.1693,0.4884,1,3,2,0.729,2265.0,True,0.7108
0.5023,0.1693,0.4884,1,4,2,0.7131,1967.0,True,0.7024
0.5023,0.2693,0.1884,0,0,2,0.7437,2502.0,True,0.7193
0.5023,0.2693,0.1884,0,1,2,0.7749,2518.0,True,0.7471
0.5023,0.2693,0.1884,0,2,2,0.7476,2269.0,True,0.7275
0.5023,0.2693,0.1884,0,3,2,0.7256,1960.0,True,0.7138
0.5023,0.2693,0.1884,0,4,2,0.7244,2218.0,True,0.7076
0.5023,0.2693,0.1884,1,0,2,1.0,,False,0.0
0.5023,0.2693,0.1884,1,1,2,1.0,,False,0.0
0.5023,0.2693,0.1884,1,2,2,1.0,,False,0.0
0.5023,0.2693,0.1884,1,3,2,1.0,,False,0.0
0.5023,0.2693,0.1884,1,4,2,1.0,,False,0.0
0.5023,0.2693,0.2884,0,0,2,0.3927,1504.0,True,0.4234
0.5023,0.2693,0.2884,0,1,2,0.4315,1563.0,True,0.457
0.5023,0.2693,0.2884,0,2,2,0.4156,1729.0,True,0.4395
0.5023,0.2693,0.2884,0,3,2,0.3891,1650.0,True,0.4172
0.5023,0.2693,0.2884,0,4,2,0.3944,1638.0,True,0.4222
0.5023,0.2693,0.2884,1,0,2,0.7355,1858.0,True,0.7248
0.5023,0.2693,0.2884,1,1,2,0.7487,1936.0,True,0.7351
0.5023,0.2693,0.2884,1,2,2,0.7389,1695.0,True,0.7311
0.5023,0.2693,0.2884,1,3,2,0.7323,1766.0,True,0.7237
0.5023,0.2693,0.2884,1,4,2,0.7506,1834.0,True,0.7389
0.5023,0.2693,0.3884,0,0,2,0.2492,1374.0,True,0.2968
0.5023,0.2693,0.3884,0,1,2,0.2751,1553.0,True,0.3165
0.5023,0.2693,0.3884,0,2,2,0.2595,1460.0,True,0.3044
0.5023,0.2693,0.3884,0,3,2,0.2216,659.0,True,0.2863
0.5023,0.2693,0.3884,0,4,2,0.2628,1402.0,True,0.3085
0.5023,0.2693,0.3884,1,0,2,0.5673,1383.0,True,0.5829
0.5023,0.2693,0.3884,1,1,2,0.5879,1315.0,True,0.6028
0.5023,0.2693,0.3884,1,2,2,0.6124,1326.0,True,0.6246
0.5023,0.2693,0.3884,1,3,2,0.5902,1380.0,True,0.6035
0.5023,0.2693,0.3884,1,4,2,0.6026,1496.0,True,0.6124
0.5023,0.2693,0.4884,0,0,2,0.177,1130.0,True,0.2367
0.5023,0.2693,0.4884,0,1,2,0.16,1122.0,True,0.2215
0.5023,0.2693,0.4884,0,2,2,0.1801,1202.0,True,0.2381
0.5023,0.2693,0.4884,0,3,2,0.1492,497.0,True,0.2243
0.5023,0.2693,0.4884,0,4,2,0.157,1118.0,True,0.2189
0.5023,0.2693,0.4884,1,0,2,0.467,1065.0,True,0.499
0.5023,0.2693,0.4884,1,1,2,0.4591,846.0,True,0.4963
0.5023,0.2693,0.4884,1,2,2,0.4701,891.0,True,0.5053
0.5023,0.2693,0.4884,1,3,2,0.4663,1022.0,True,0.4992
0.5023,0.2693,0.4884,1,4,2,0.4452,945.0,True,0.4818
0.5023,0.3693,0.1884,0,0,2,1.0,,False,0.0
0.5023,0.3693,0.1884,0,1,2,1.0,,False,0.0
0.5023,0.3693,0.1884,0,2,2,1.0,,False,0.0
0.5023,0.3693,0.1884,0,3,2,1.0,,False,0.0
0.5023,0.3693,0.1884,0,4,2,1.0,,False,0.0
0.5023,0.3693,0.1884,1,0,2,0.7268,2298.0,True,0.7082
0.5023,0.3693,0.1884,1,1,2,0.715,1958.0,True,0.7043
0.5023,0.3693,0.1884,1,2,2,0.7357,2259.0,True,0.7169
0.5023,0.3693,0.1884,1,3,2,0.713,2000.0,True,0.7017
0.5023,0.3693,0.1884,1,4,2,0.7398,2331.0,True,0.7192
0.5023,0.3693,0.2884,0,0,2,1.0,,False,0.0
0.5023,0.3693,0.2884,0,1,2,1.0,2535.0,True,0.9493
0.5023,0.3693,0.2884,0,2,2,1.0,4338.0,True,0.9132
0.5023,0.3693,0.2884,0,3,2,1.0,,False,0.0
0.5023,0.3693,0.2884,0,4,2,0.8872,938.0,True,0.8797
0.5023,0.3693,0.2884,1,0,2,0.4198,921.0,True,0.4594
0.5023,0.3693,0.2884,1,1,2,0.4057,775.0,True,0.4496
0.5023,0.3693,0.2884,1,2,2,0.4105,767.0,True,0.4541
0.5023,0.3693,0.2884,1,3,2,0.4162,679.0,True,0.461
0.5023,0.3693,0.2884,1,4,2,0.4116,1009.0,True,0.4502
0.5023,0.3693,0.3884,0,0,2,0.3623,596.0,True,0.4141
0.5023,0.3693,0.3884,0,1,2,0.541,429.0,True,0.5784
0.5023,0.3693,0.3884,0,2,2,0.5907,423.0,True,0.6232
0.5023,0.3693,0.3884,0,3,2,0.7211,690.0,True,0.7352
0.5023,0.3693,0.3884,0,4,2,0.6072,460.0,True,0.6373
0.5023,0.3693,0.3884,1,0,2,0.2239,489.0,True,0.2917
0.5023,0.3693,0.3884,1,1,2,0.2272,437.0,True,0.2958
0.5023,0.3693,0.3884,1,2,2,0.2251,378.0,True,0.295
0.5023,0.3693,0.3884,1,3,2,0.2336,384.0,True,0.3026
0.5023,0.3693,0.3884,1,4,2,0.2355,564.0,True,0.3006
0.5023,0.3693,0.4884,0,0,2,0.1802,306.0,True,0.256
0.5023,0.3693,0.4884,0,1,2,0.2057,275.0,True,0.2796
0.5023,0.3693,0.4884,0,2,2,0.3391,306.0,True,0.399
0.5023,0.3693,0.4884,0,3,2,0.2855,281.0,True,0.3513
0.5023,0.3693,0.4884,0,4,2,0.2704,285.0,True,0.3376
0.5023,0.3693,0.4884,1,0,2,0.1543,406.0,True,0.2307
0.5023,0.3693,0.4884,1,1,2,0.1574,328.0,True,0.2351
0.5023,0.3693,0.4884,1,2,2,0.1555,301.0,True,0.2339
0.5023,0.3693,0.4884,1,3,2,0.1583,315.0,True,0.2361
0.5023,0.3693,0.4884,1,4,2,0.1568,398.0,True,0.2332
0.6011,0.0693,0.1884,0,0,2,0.0459,,False,0.0
0.6011,0.0693,0.1884,0,1,2,0.0448,,False,0.0
0.6011,0.0693,0.1884,0,2,2,0.0406,,False,0.0
0.6011,0.0693,0.1884,0,3,2,0.0893,,False,0.0
0.6011,0.0693,0.1884,0,4,2,0.0451,,False,0.0
0.6011,0.0693,0.1884,1,0,2,0.9483,3188.0,True,0.8898
0.6011,0.0693,0.1884,1,1,2,0.9424,3052.0,True,0.8871
0.6011,0.0693,0.1884,1,2,2,0.9701,3349.0,True,0.9061
0.6011,0.0693,0.1884,1,3,2,0.9231,2936.0,True,0.8721
0.6011,0.0693,0.1884,1,4,2,1.0,3681.0,True,0.9264
0.6011,0.0693,0.2884,0,0,2,0.0421,,False,0.0
0.6011,0.0693,0.2884,0,1,2,0.0408,,False,0.0
0.6011,0.0693,0.2884,0,2,2,0.0373,,False,0.0
0.6011,0.0693,0.2884,0,3,2,0.0434,,False,0.0
0.6011,0.0693,0.2884,0,4,2,0.0402,,False,0.0
0.6011,0.0693,0.2884,1,0,2,0.8753,2233.0,True,0.8431
0.6011,0.0693,0.2884,1,1,2,0.778,2063.0,True,0.7589
0.6011,0.0693,0.2884,1,2,2,0.8749,2215.0,True,0.8432
0.6011,0.0693,0.2884,1,3,2,0.8646,2086.0,True,0.8364
0.6011,0.0693,0.2884,1,4,2,0.864,2099.0,True,0.8356
0.6011,0.0693,0.3884,0,0,2,0.039,,False,0.0
0.6011,0.0693,0.3884,0,1,2,0.0366,,False,0.0
0.6011,0.0693,0.3884,0,2,2,0.038,,False,0.0
0.6011,0.0693,0.3884,0,3,2,0.0246,,False,0.0
0.6011,0.0693,0.3884,0,4,2,0.038,,False,0.0
0.6011,0.0693,0.3884,1,0,2,1.0,4416.0,True,0.9117
0.6011,0.0693,0.3884,1,1,2,0.8897,3291.0,True,0.8349
0.6011,0.0693,0.3884,1,2,2,0.9701,3720.0,True,0.8987
0.6011,0.0693,0.3884,1,3,2,0.8544,3175.0,True,0.8055
0.6011,0.0693,0.3884,1,4,2,0.9787,3332.0,True,0.9142
0.6011,0.0693,0.4884,0,0,2,0.0363,,False,0.0
0.6011,0.0693,0.4884,0,1,2,0.0979,421.0,True,0.1797
0.6011,0.0693,0.4884,0,2,2,0.0931,447.0,True,0.1748
0.6011,0.0693,0.4884,0,3,2,0.0334,,False,0.0
0.6011,0.0693,0.4884,0,4,2,0.0375,,False,0.0
0.6011,0.0693,0.4884,1,0,2,0.6911,1899.0,True,0.684
0.6011,0.0693,0.4884,1,1,2,0.7053,1894.0,True,0.6969
0.6011,0.0693,0.4884,1,2,2,0.7011,2187.0,True,0.6872
0.6011,0.0693,0.4884,1,3,2,0.6287,1832.0,True,0.6292
0.6011,0.0693,0.4884,1,4,2,0.7062,1922.0,True,0.6971
0.6011,0.1693,0.1884,0,0,2,0.1626,1412.0,True,0.2181
0.6011,0.1693,0.1884,0,1,2,0.3813,1330.0,True,0.4165
0.6011,0.1693,0.1884,0,2,2,0.4467,2136.0,True,0.4593
0.6011,0.1693,0.1884,0,3,2,0.3998,1375.0,True,0.4323
0.6011,0.1693,0.1884,0,4,2,0.381,1308.0,True,0.4167
0.6011,0.1693,0.1884,1,0,2,0.9108,2659.0,True,0.8665
0.6011,0.1693,0.1884,1,1,2,0.8943,2571.0,True,0.8534
0.6011,0.1693,0.1884,1,2,2,0.8797,2461.0,True,0.8425
0.6011,0.1693,0.1884,1,3,2,0.8706,2395.0,True,0.8356
0.6011,0.1693,0.1884,1,4,2,0.8839,2328.0,True,0.849
0.6011,0.1693,0.2884,0,0,2,0.2026,1085.0,True,0.2606
0.6011,0.1693,0.2884,0,1,2,0.5127,3093.0,True,0.4996
0.6011,0.1693,0.2884,0,2,2,0.3227,2113.0,True,0.3482
0.6011,0.1693,0.2884,0,3,2,0.2244,1183.0,True,0.2783
0.6011,0.1693,0.2884,0,4,2,0.2768,1858.0,True,0.3119
0.6011,0.1693,0.2884,1,0,2,0.8612,2592.0,True,0.8232
0.6011,0.1693,0.2884,1,1,2,0.8392,2328.0,True,0.8087
0.6011,0.1693,0.2884,1,2,2,0.8719,2582.0,True,0.833
0.6011,0.1693,0.2884,1,3,2,0.8526,2431.0,True,0.8187
0.6011,0.1693,0.2884,1,4,2,0.8484,2428.0,True,0.815
0.6011,0.1693,0.3884,0,0,2,0.0484,,False,0.0
0.6011,0.1693,0.3884,0,1,2,0.0464,,False,0.0
0.6011,0.1693,0.3884,0,2,2,0.0411,,False,0.0
0.6011,0.1693,0.3884,0,3,2,0.1665,2302.0,True,0.2038
0.6011,0.1693,0.3884,0,4,2,0.0711,,False,0.0
0.6011,0.1693,0.3884,1,0,2,1.0,4293.0,True,0.9141
0.6011,0.1693,0.3884,1,1,2,0.9481,3624.0,True,0.8808
0.6011,0.1693,0.3884,1,2,2,1.0,4086.0,True,0.9183
0.6011,0.1693,0.3884,1,3,2,1.0,4100.0,True,0.918
0.6011,0.1693,0.3884,1,4,2,0.9584,3701.0,True,0.8886
0.6011,0.1693,0.4884,0,0,2,0.0459,,False,0.0
0.6011,0.1693,0.4884,0,1,2,0.0445,,False,0.0
0.6011,0.1693,0.4884,0,2,2,0.0447,,False,0.0
0.6011,0.1693,0.4884,0,3,2,0.0433,,False,0.0
0.6011,0.1693,0.4884,0,4,2,0.0452,,False,0.0
0.6011,0.1693,0.4884,1,0,2,1.0,,False,0.0
0.6011,0.1693,0.4884,1,1,2,1.0,,False,0.0
0.6011,0.1693,0.4884,1,2,2,1.0,,False,0.0
0.6011,0.1693,0.4884,1,3,2,1.0,,False,0.0
0.6011,0.1693,0.4884,1,4,2,1.0,,False,0.0
0.6011,0.2693,0.1884,0,0,2,0.8633,3387.0,True,0.8092
0.6011,0.2693,0.1884,0,1,2,0.7137,2105.0,True,0.7003
0.6011,0.2693,0.1884,0,2,2,0.7853,2412.0,True,0.7585
0.6011,0.2693,0.1884,0,3,2,0.7375,2209.0,True,0.7195
0.6011,0.2693,0.1884,0,4,2,0.7225,2450.0,True,0.7012
0.6011,0.2693,0.1884,1,0,2,1.0,,False,0.0
0.6011,0.2693,0.1884,1,1,2,1.0,,False,0.0
0.6011,0.2693,0.1884,1,2,2,1.0,,False,0.0
0.6011,0.2693,0.1884,1,3,2,1.0,,False,0.0
0.6011,0.2693,0.1884,1,4,2,1.0,,False,0.0
0.6011,0.2693,0.2884,0,0,2,0.5407,2366.0,True,0.5393
0.6011,0.2693,0.2884,0,1,2,0.5857,2852.0,True,0.5701
0.6011,0.2693,0.2884,0,2,2,0.6005,2957.0,True,0.5813
0.6011,0.2693,0.2884,0,3,2,0.4615,2149.0,True,0.4724
0.6011,0.2693,0.2884,0,4,2,0.4963,2237.0,True,0.5019
0.6011,0.2693,0.2884,1,0,2,1.0,,False,0.0
0.6011,0.2693,0.2884,1,1,2,1.0,,False,0.0
0.6011,0.2693,0.2884,1,2,2,1.0,,False,0.0
0.6011,0.2693,0.2884,1,3,2,1.0,,False,0.0
0.6011,0.2693,0.2884,1,4,2,1.0,,False,0.0
0.6011,0.2693,0.3884,0,0,2,0.1894,1747.0,True,0.2355
0.6011,0.2693,0.3884,0,1,2,0.3206,2016.0,True,0.3482
0.6011,0.2693,0.3884,0,2,2,0.3076,1866.0,True,0.3395
0.6011,0.2693,0.3884,0,3,2,0.2557,1116.0,True,0.3078
0.6011,0.2693,0.3884,0,4,2,0.2987,1775.0,True,0.3333
0.6011,0.2693,0.3884,1,0,2,0.7238,1725.0,True,0.7169
0.6011,0.2693,0.3884,1,1,2,0.7025,1538.0,True,0.7015
0.6011,0.2693,0.3884,1,2,2,0.7216,1616.0,True,0.7171
0.6011,0.2693,0.3884,1,3,2,0.7097,1645.0,True,0.7058
0.6011,0.2693,0.3884,1,4,2,0.7095,1617.0,True,0.7062
0.6011,0.2693,0.4884,0,0,2,0.2002,1745.0,True,0.2453
0.6011,0.2693,0.4884,0,1,2,0.203,1453.0,True,0.2536
0.6011,0.2693,0.4884,0,2,2,0.1939,1441.0,True,0.2456
0.6011,0.2693,0.4884,0,3,2,0.177,1163.0,True,0.236
0.6011,0.2693,0.4884,0,4,2,0.1691,1483.0,True,0.2225
0.6011,0.2693,0.4884,1,0,2,0.6136,1324.0,True,0.6257
0.6011,0.2693,0.4884,1,1,2,0.6173,1220.0,True,0.6312
0.6011,0.2693,0.4884,1,2,2,0.6224,1323.0,True,0.6337
0.6011,0.2693,0.4884,1,3,2,0.6179,1326.0,True,0.6296
0.6011,0.2693,0.4884,1,4,2,0.5365,1249.0,True,0.5578
0.6011,0.3693,0.1884,0,0,2,1.0,4800.0,True,0.904
0.6011,0.3693,0.1884,0,1,2,1.0,3806.0,True,0.9239
0.6011,0.3693,0.1884,0,2,2,0.9941,3561.0,True,0.9234
0.6011,0.3693,0.1884,0,3,2,1.0,,False,0.0
0.6011,0.3693,0.1884,0,4,2,1.0,,False,0.0
0.6011,0.3693,0.1884,1,0,2,1.0,,False,0.0
0.6011,0.3693,0.1884,1,1,2,1.0,,False,0.0
0.6011,0.3693,0.1884,1,2,2,1.0,,False,0.0
0.6011,0.3693,0.1884,1,3,2,1.0,,False,0.0
0.6011,0.3693,0.1884,1,4,2,1.0,,False,0.0
0.6011,0.3693,0.2884,0,0,2,0.5476,1847.0,True,0.5559
0.6011,0.3693,0.2884,0,1,2,0.5432,1938.0,True,0.5501
0.6011,0.3693,0.2884,0,2,2,0.4583,1516.0,True,0.4821
0.6011,0.3693,0.2884,0,3,2,0.5534,1584.0,True,0.5664
0.6011,0.3693,0.2884,0,4,2,0.4561,1386.0,True,0.4828
0.6011,0.3693,0.2884,1,0,2,1.0,,False,0.0
0.6011,0.3693,0.2884,1,1,2,0.8025,2950.0,True,0.7632
0.6011,0.3693,0.2884,1,2,2,0.7017,1818.0,True,0.6952
0.6011,0.3693,0.2884,1,3,2,0.736,2288.0,True,0.7166
0.6011,0.3693,0.2884,1,4,2,0.7875,2836.0,True,0.7521
0.6011,0.3693,0.3884,0,0,2,0.3518,1182.0,True,0.393
0.6011,0.3693,0.3884,0,1,2,0.3096,1116.0,True,0.3563
0.6011,0.3693,0.3884,0,2,2,0.3384,1133.0,True,0.3819
0.6011,0.3693,0.3884,0,3,2,0.3602,1054.0,True,0.4031
0.6011,0.3693,0.3884,0,4,2,0.2815,769.0,True,0.338
0.6011,0.3693,0.3884,1,0,2,0.584,1599.0,True,0.5936
0.6011,0.3693,0.3884,1,1,2,0.5825,1570.0,True,0.5929
0.6011,0.3693,0.3884,1,2,2,0.5656,1256.0,True,0.5839
0.6011,0.3693,0.3884,1,3,2,0.5858,1567.0,True,0.5959
0.6011,0.3693,0.3884,1,4,2,0.5773,1410.0,True,0.5914
0.6011,0.3693,0.4884,0,0,2,0.2121,907.0,True,0.2727
0.6011,0.3693,0.4884,0,1,2,0.2328,752.0,True,0.2945
0.6011,0.3693,0.4884,0,2,2,0.2129,745.0,True,0.2767
0.6011,0.3693,0.4884,0,3,2,0.2197,377.0,True,0.2902
0.6011,0.3693,0.4884,0,4,2,0.2226,977.0,True,0.2808
0.6011,0.3693,0.4884,1,0,2,0.4533,1087.0,True,0.4863
0.6011,0.3693,0.4884,1,1,2,0.4375,937.0,True,0.475
0.6011,0.3693,0.4884,1,2,2,0.4287,969.0,True,0.4664
0.6011,0.3693,0.4884,1,3,2,0.4412,1089.0,True,0.4753
0.6011,0.3693,0.4884,1,4,2,0.4519,1107.0,True,0.4845
0.7,0.0693,0.1884,0,0,2,0.0368,,False,0.0
0.7,0.0693,0.1884,0,1,2,0.0461,,False,0.0
0.7,0.0693,0.1884,0,2,2,0.0427,,False,0.0
0.7,0.0693,0.1884,0,3,2,0.0428,,False,0.0
0.7,0.0693,0.1884,0,4,2,0.0422,,False,0.0
0.7,0.0693,0.1884,1,0,2,1.0,,False,0.0
0.7,0.0693,0.1884,1,1,2,1.0,,False,0.0
0.7,0.0693,0.1884,1,2,2,1.0,,False,0.0
0.7,0.0693,0.1884,1,3,2,1.0,,False,0.0
0.7,0.0693,0.1884,1,4,2,1.0,,False,0.0
0.7,0.0693,0.2884,0,0,2,0.0369,,False,0.0
0.7,0.0693,0.2884,0,1,2,0.0386,,False,0.0
0.7,0.0693,0.2884,0,2,2,0.0384,,False,0.0
0.7,0.0693,0.2884,0,3,2,0.0348,,False,0.0
0.7,0.0693,0.2884,0,4,2,0.0417,,False,0.0
0.7,0.0693,0.2884,1,0,2,1.0,,False,0.0
0.7,0.0693,0.2884,1,1,2,1.0,,False,0.0
0.7,0.0693,0.2884,1,2,2,1.0,,False,0.0
0.7,0.0693,0.2884,1,3,2,1.0,,False,0.0
0.7,0.0693,0.2884,1,4,2,1.0,,False,0.0
0.7,0.0693,0.3884,0,0,2,0.0224,,False,0.0
0.7,0.0693,0.3884,0,1,2,0.0298,550.0,True,0.1159
0.7,0.0693,0.3884,0,2,2,0.0223,,False,0.0
0.7,0.0693,0.3884,0,3,2,0.0402,,False,0.0
0.7,0.0693,0.3884,0,4,2,0.0397,,False,0.0
0.7,0.0693,0.3884,1,0,2,1.0,3569.0,True,0.9286
0.7,0.0693,0.3884,1,1,2,0.9621,3026.0,True,0.9054
0.7,0.0693,0.3884,1,2,2,0.9966,3339.0,True,0.9302
0.7,0.0693,0.3884,1,3,2,0.9602,2871.0,True,0.9068
0.7,0.0693,0.3884,1,4,2,0.9736,3072.0,True,0.9148
0.7,0.0693,0.4884,0,0,2,0.0283,,False,0.0
0.7,0.0693,0.4884,0,1,2,0.09,,False,0.0
0.7,0.0693,0.4884,0,2,2,0.0377,,False,0.0
0.7,0.0693,0.4884,0,3,2,0.0566,,False,0.0
0.7,0.0693,0.4884,0,4,2,0.1115,,False,0.0
0.7,0.0693,0.4884,1,0,2,1.0,4551.0,True,0.909
0.7,0.0693,0.4884,1,1,2,1.0,,False,0.0
0.7,0.0693,0.4884,1,2,2,1.0,,False,0.0
0.7,0.0693,0.4884,1,3,2,1.0,,False,0.0
0.7,0.0693,0.4884,1,4,2,1.0,4913.0,True,0.9017
0.7,0.1693,0.1884,0,0,2,0.3577,1384.0,True,0.3943
0.7,0.1693,0.1884,0,1,2,0.2543,1773.0,True,0.2934
0.7,0.1693,0.1884,0,2,2,0.2087,1293.0,True,0.2619
0.7,0.1693,0.1884,0,3,2,0.1539,967.0,True,0.2192
0.7,0.1693,0.1884,0,4,2,0.3327,1316.0,True,0.3731
0.7,0.1693,0.1884,1,0,2,1.0,,False,0.0
0.7,0.1693,0.1884,1,1,2,1.0,,False,0.0
0.7,0.1693,0.1884,1,2,2,1.0,,False,0.0
0.7,0.1693,0.1884,1,3,2,1.0,,False,0.0
0.7,0.1693,0.1884,1,4,2,1.0,,False,0.0
0.7,0.1693,0.2884,0,0,2,0.107,888.0,True,0.1785
0.7,0.1693,0.2884,0,1,2,0.1477,3976.0,True,0.1534
0.7,0.1693,0.2884,0,2,2,0.152,1103.0,True,0.2148
0.7,0.1693,0.2884,0,3,2,0.0764,,False,0.0
0.7,0.1693,0.2884,0,4,2,0.097,,False,0.0
0.7,0.1693,0.2884,1,0,2,1.0,,False,0.0
0.7,0.1693,0.2884,1,1,2,1.0,,False,0.0
0.7,0.1693,0.2884,1,2,2,1.0,,False,0.0
0.7,0.1693,0.2884,1,3,2,1.0,,False,0.0
0.7,0.1693,0.2884,1,4,2,1.0,,False,0.0
0.7,0.1693,0.3884,0,0,2,0.0488,,False,0.0
0.7,0.1693,0.3884,0,1,2,0.0627,,False,0.0
0.7,0.1693,0.3884,0,2,2,0.0412,,False,0.0
0.7,0.1693,0.3884,0,3,2,0.0516,,False,0.0
0.7,0.1693,0.3884,0,4,2,0.081,650.0,True,0.1599
0.7,0.1693,0.3884,1,0,2,0.835,2262.0,True,0.8062
0.7,0.1693,0.3884,1,1,2,0.8107,1969.0,True,0.7902
0.7,0.1693,0.3884,1,2,2,0.822,2130.0,True,0.7972
0.7,0.1693,0.3884,1,3,2,0.8219,2094.0,True,0.7979
0.7,0.1693,0.3884,1,4,2,0.8117,1972.0,True,0.7911
0.7,0.1693,0.4884,0,0,2,0.0379,,False,0.0
0.7,0.1693,0.4884,0,1,2,0.0368,,False,0.0
0.7,0.1693,0.4884,0,2,2,0.0273,,False,0.0
0.7,0.1693,0.4884,0,3,2,0.0456,681.0,True,0.1274
0.7,0.1693,0.4884,0,4,2,0.0377,,False,0.0
0.7,0.1693,0.4884,1,0,2,0.7942,2620.0,True,0.7624
0.7,0.1693,0.4884,1,1,2,0.7414,2156.0,True,0.7242
0.7,0.1693,0.4884,1,2,2,0.7612,2302.0,True,0.7391
0.7,0.1693,0.4884,1,3,2,0.7364,2081.0,True,0.7212
0.7,0.1693,0.4884,1,4,2,0.74,2143.0,True,0.7232
0.7,0.2693,0.1884,0,0,2,0.8847,3435.0,True,0.8275
0.7,0.2693,0.1884,0,1,2,0.6687,1957.0,True,0.6627
0.7,0.2693,0.1884,0,2,2,0.9182,3539.0,True,0.8556
0.7,0.2693,0.1884,0,3,2,1.0,4122.0,True,0.9176
0.7,0.2693,0.1884,0,4,2,0.6906,2037.0,True,0.6808
0.7,0.2693,0.1884,1,0,2,1.0,,False,0.0
0.7,0.2693,0.1884,1,1,2,1.0,,False,0.0
0.7,0.2693,0.1884,1,2,2,1.0,,False,0.0
0.7,0.2693,0.1884,1,3,2,1.0,,False,0.0
0.7,0.2693,0.1884,1,4,2,1.0,,False,0.0
0.7,0.2693,0.2884,0,0,2,0.4735,2124.0,True,0.4837
0.7,0.2693,0.2884,0,1,2,0.5441,2543.0,True,0.5388
0.7,0.2693,0.2884,0,2,2,0.4957,2270.0,True,0.5007
0.7,0.2693,0.2884,0,3,2,0.4327,1959.0,True,0.4502
0.7,0.2693,0.2884,0,4,2,0.5395,2493.0,True,0.5357
0.7,0.2693,0.2884,1,0,2,0.8973,2795.0,True,0.8517
0.7,0.2693,0.2884,1,1,2,0.8742,2573.0,True,0.8354
0.7,0.2693,0.2884,1,2,2,0.9163,2992.0,True,0.8648
0.7,0.2693,0.2884,1,3,2,0.9045,2875.0,True,0.8566
0.7,0.2693,0.2884,1,4,2,1.0,3808.0,True,0.9238
0.7,0.2693,0.3884,0,0,2,0.7424,4026.0,True,0.6877
0.7,0.2693,0.3884,0,1,2,0.3696,2531.0,True,0.382
0.7,0.2693,0.3884,0,2,2,0.4279,3284.0,True,0.4194
0.7,0.2693,0.3884,0,3,2,0.1242,,False,0.0
0.7,0.2693,0.3884,0,4,2,1.0,,False,0.0
0.7,0.2693,0.3884,1,0,2,1.0,,False,0.0
0.7,0.2693,0.3884,1,1,2,1.0,,False,0.0
0.7,0.2693,0.3884,1,2,2,1.0,,False,0.0
0.7,0.2693,0.3884,1,3,2,1.0,,False,0.0
0.7,0.2693,0.3884,1,4,2,1.0,,False,0.0
0.7,0.2693,0.4884,0,0,2,0.089,,False,0.0
0.7,0.2693,0.4884,0,1,2,0.0713,,False,0.0
0.7,0.2693,0.4884,0,2,2,0.1121,1488.0,True,0.1711
0.7,0.2693,0.4884,0,3,2,0.2238,1809.0,True,0.2653
0.7,0.2693,0.4884,0,4,2,0.0653,,False,0.0
0.7,0.2693,0.4884,1,0,2,0.7632,2483.0,True,0.7372
0.7,0.2693,0.4884,1,1,2,0.7329,2074.0,True,0.7181
0.7,0.2693,0.4884,1,2,2,0.746,2330.0,True,0.7248
0.7,0.2693,0.4884,1,3,2,0.7574,2440.0,True,0.7329
0.7,0.2693,0.4884,1,4,2,0.722,2111.0,True,0.7075
0.7,0.3693,0.1884,0,0,2,1.0,4486.0,True,0.9103
0.7,0.3693,0.1884,0,1,2,1.0,3928.0,True,0.9214
0.7,0.3693,0.1884,0,2,2,0.9188,3366.0,True,0.8596
0.7,0.3693,0.1884,0,3,2,1.0,,False,0.0
0.7,0.3693,0.1884,0,4,2,1.0,4367.0,True,0.9127
0.7,0.3693,0.1884,1,0,2,1.0,,False,0.0
0.7,0.3693,0.1884,1,1,2,1.0,,False,0.0
0.7,0.3693,0.1884,1,2,2,1.0,,False,0.0
0.7,0.3693,0.1884,1,3,2,1.0,,False,0.0
0.7,0.3693,0.1884,1,4,2,1.0,,False,0.0
0.7,0.3693,0.2884,0,0,2,0.7501,3219.0,True,0.7107
0.7,0.3693,0.2884,0,1,2,1.0,4480.0,True,0.9104
0.7,0.3693,0.2884,0,2,2,1.0,4516.0,True,0.9097
0.7,0.3693,0.2884,0,3,2,0.8265,3487.0,True,0.7741
0.7,0.3693,0.2884,0,4,2,1.0,4742.0,True,0.9052
0.7,0.3693,0.2884,1,0,2,0.8083,2125.0,True,0.7849
0.7,0.3693,0.2884,1,1,2,0.7889,2048.0,True,0.7691
0.7,0.3693,0.2884,1,2,2,0.7777,1909.0,True,0.7617
0.7,0.3693,0.2884,1,3,2,0.7859,2001.0,True,0.7673
0.7,0.3693,0.2884,1,4,2,0.7825,1968.0,True,0.7649
0.7,0.3693,0.3884,0,0,2,0.3492,1611.0,True,0.3821
0.7,0.3693,0.3884,0,1,2,0.3768,1994.0,True,0.3992
0.7,0.3693,0.3884,0,2,2,0.3868,2158.0,True,0.405
0.7,0.3693,0.3884,0,3,2,0.3033,1595.0,True,0.3411
0.7,0.3693,0.3884,0,4,2,0.3588,1561.0,True,0.3917
0.7,0.3693,0.3884,1,0,2,0.7307,2309.0,True,0.7115
0.7,0.3693,0.3884,1,1,2,0.7223,2104.0,True,0.708
0.7,0.3693,0.3884,1,2,2,0.7355,2195.0,True,0.7181
0.7,0.3693,0.3884,1,3,2,0.7438,2403.0,True,0.7214
0.7,0.3693,0.3884,1,4,2,0.7624,2666.0,True,0.7328
0.7,0.3693,0.4884,0,0,2,0.2338,1384.0,True,0.2828
0.7,0.3693,0.4884,0,1,2,0.2457,1505.0,True,0.291
0.7,0.3693,0.4884,0,2,2,0.2288,1737.0,True,0.2712
0.7,0.3693,0.4884,0,3,2,0.2421,1488.0,True,0.2882
0.7,0.3693,0.4884,0,4,2,0.2484,1858.0,True,0.2864
0.7,0.3693,0.4884,1,0,2,0.5998,1586.0,True,0.6081
0.7,0.3693,0.4884,1,1,2,0.5919,1337.0,True,0.606
0.7,0.3693,0.4884,1,2,2,0.5921,1430.0,True,0.6043
0.7,0.3693,0.4884,1,3,2,0.5977,1573.0,True,0.6065
0.7,0.3693,0.4884,1,4,2,0.5889,1369.0,True,0.6027
