,0,x diff,y diff
20.0,50.0,0.0,0.0
20.102500350655177,49.98100063090402,0.10250035065517693,-0.018999369095979546
20.22706856771294,49.97666010479451,0.12456821705776377,-0.004340526109508858
20.351550667534045,49.97599308078638,0.1244820998211047,-0.0006670240081305678
20.476098942788052,49.97588520497729,0.12454827525400702,-0.00010787580909266126
20.600687193341468,49.97589523307659,0.12458825055341549,1.002809930383819e-05
20.72531767062084,49.975928999219356,0.12463047727937138,3.3766142763624885e-05
20.84999023421081,49.9759667278332,0.12467256358997147,3.772861384732096e-05
20.97470429456815,49.97600432551009,0.12471406035733779,3.759767688649163e-05
21.099459199167644,49.97604096994871,0.12475490459949512,3.6644438623056885e-05
21.224254282372122,49.97607651611099,0.12479508320447863,3.554616228029772e-05
21.34908887337272,49.97611095872646,0.12483459100059946,3.4442615465479776e-05
21.473962298846036,49.97614432179958,0.12487342547331437,3.3363073121961406e-05
21.59887388487999,49.97617663603156,0.12491158603395291,3.231423198002403e-05
21.72382295882021,49.976207934190704,0.12494907394022192,3.12981591434891e-05
21.848808851142415,49.97623825011941,0.12498589232220425,3.0315928704283124e-05
21.9738308973665,49.97626761847545,0.12502204622408541,2.9368356038617094e-05
22.09888844001149,49.97629607462398,0.12505754264498847,2.8456148534417025e-05
22.22398083058716,49.97632365456405,0.12509239057567,2.757994006685749e-05
22.34910743161736,49.97635039486659,0.12512660103019968,2.674030254468107e-05
22.474267618689762,49.976376332619644,0.12516018707240306,2.5937753051152868e-05
22.59946078252666,49.976401505379755,0.12519316383689727,2.517276011104741e-05
22.724686331071307,49.9764259511296,0.1252255485446483,2.444574984394876e-05
22.849943691584315,49.97644970824164,0.1252573605130074,2.3757112039390904e-05
22.97523231274449,49.976472815447885,0.12528862116017692,2.310720624620899e-05
23.100551666748686,49.97649531181561,0.12531935400419414,2.2496367726887456e-05
23.22590125140505,49.976517236729,0.12534958465636237,2.1924913390591882e-05
23.351280592214344,49.97653862987656,0.12537934080929602,2.1393147555670566e-05
23.47668924443386,49.97655953124419,0.12540865221951591,2.0901367633996415e-05
23.60212679511859,49.976579981113794,0.12543755068472962,2.044986960214601e-05
23.727592865134376,49.97660002006707,0.12546607001578636,2.0038953273626703e-05
23.853087111137707,49.97661968899447,0.12549424600333126,1.9668927400573466e-05
23.97860922751685,49.97663902910894,0.12552211637914112,1.934011446991235e-05
24.104158948288923,49.976658081964175,0.12554972077207438,1.9052855236623145e-05
24.22973604894747,49.9766768894771,0.12557710065854621,1.8807512923046943e-05
24.355340348254806,49.97669549395418,0.12560429930733719,1.8604477084238624e-05
24.48097170997337,49.97671393812125,0.1256313617185647,1.844416706830998e-05
24.60663004452987,49.97673226515626,0.12565833455649766,1.832703500781463e-05
24.732315310605767,49.9767505187246,0.12568526607589803,1.825356834217473e-05
24.858027516647265,49.976768743016436,0.12571220604149858,1.8224291835622353e-05
24.98376672228744,49.97678698278539,0.12573920564017627,1.823976895565238e-05
25.10953303967277,49.976805283388,0.1257663173853274,1.830060261198696e-05
25.23532663468572,49.97682369082321,0.12579359501295073,1.8407435206313494e-05
25.361147728054608,49.97684225177112,0.12582109336888792,1.8560947907531045e-05
25.48699659634137,49.97686101363018,0.1258488682867629,1.876185906013461e-05
25.612873572797405,49.97688002455186,0.12587697645603413,1.9010921683104698e-05
25.738779048077248,49.976899333471856,0.12590547527984342,1.9308919995353335e-05
25.864713470799465,49.9769189901367,0.12593442272221722,1.965666484693429e-05
25.990677347943834,49.97693904512471,0.1259638771443683,2.0054988006279473e-05
26.116671245073896,49.97695954985991,0.12599389713006204,2.0504735203985547e-05
26.242695786373883,49.976980556617754,0.1260245412999872,2.100675784078021e-05
26.368751654489305,49.97700211852108,0.12605586811542224,2.1561903324140985e-05
26.49483959016091,49.9770242895249,0.12608793567160603,2.2171003820403712e-05
26.620960391642388,49.97704712438843,0.12612080148147697,2.283486352894215e-05
26.747114913893057,49.97707067863263,0.12615452225066903,2.355424420130703e-05
26.873304067537962,49.977095008481584,0.1261891536449049,2.4329848955062516e-05
26.99952881758914,49.97712017078588,0.12622475005117906,2.5162304297055016e-05
27.12579018192345,49.97714622292607,0.126261364334308,2.605214019268942e-05
27.252089229514155,49.97717322269439,0.12629904759070598,2.6999768316215977e-05
27.378427078415513,49.977201228152644,0.12633784890135757,2.800545825465406e-05
27.50480489350171,49.977230297464466,0.1263778150861974,2.9069311821672272e-05
27.631223883963823,49.977260488699855,0.12641899046211336,3.0191235389054327e-05
27.757685300570753,49.977291859610155,0.12646141660692933,3.137091029969952e-05
27.88419043270245,49.97732446737167,0.12650513213169745,3.260776151847722e-05
28.01074060516605,49.97735836829623,0.1265501724635989,3.390092455646254e-05
28.137337174807666,49.97739361750715,0.1265965696416167,3.524921091724309e-05
28.26398152693466,49.97743026857947,0.12664435212699487,3.6651072321092215e-05
28.39067507156501,49.97746837314344,0.1266935446303492,3.810456396990958e-05
28.51741923952191,49.97750798045078,0.12674416795690036,3.96073073432035e-05
28.644215478393118,49.977549136903825,0.12679623887120783,4.1156453043811325e-05
28.77106524837535,49.977591885548016,0.12684976998223263,4.274864419073765e-05
28.897970018024825,49.97763626552932,0.1269047696494745,4.437998130413234e-05
29.024931259935165,49.977682311518684,0.1269612419103403,4.6045989364529305e-05
29.151950446363944,49.97773005310688,0.12701918642877885,4.7741588197425244e-05
29.27902904482871,49.977779514174124,0.12707859846476666,4.946106724190713e-05
29.406168513692684,49.97783071224014,0.1271394688639731,5.119806601783239e-05
29.53337029775938,49.97788365780189,0.12720178406669547,5.294556174817444e-05
29.66063582389427,49.977938353667454,0.12726552613489162,5.46958655647245e-05
29.78796649669027,49.977994794296364,0.12733067279599908,5.6440628910081614e-05
29.915363694192344,49.97805296515816,0.12739719750207357,5.817086179860098e-05
30.042828763695038,49.978112842122705,0.1274650695026942,5.98769645421271e-05
30.170363017625114,49.97817439089701,0.1275342539300759,6.15487743047538e-05
30.297967729519915,49.978237566525046,0.12760471189480072,6.31756280355944e-05
30.425644130110587,49.97830231296771,0.12767640059067276,6.474644266774021e-05
30.553393403517845,49.97836856278108,0.1277492734072574,6.624981336500468e-05
30.681216683566667,49.978436236911016,0.1278232800488226,6.76741299372452e-05
30.809115050225238,49.978505244622134,0.12789836665857024,6.900771111872928e-05
30.937089526172404,49.97857548357766,0.12797447594716616,7.02389555229388e-05
31.065141073497298,49.97864684008515,0.128051547324894,7.135650749034994e-05
31.19327059053421,49.97871918952019,0.12812951703691056,7.234943504386138e-05
31.32147890883555,49.978792396936626,0.12820831830134338,7.320741643468409e-05
31.449766790285825,49.97886631786753,0.12828788145027303,7.392093090174967e-05
31.57813492435966,49.97894079931605,0.12836813407383474,7.448144852162386e-05
31.70658392552768,49.97901568092955,0.12844900116802194,7.488161350011069e-05
31.835114330814662,49.979090796344316,0.12853040528698045,7.511541476645789e-05
31.96372659751558,49.97916597468217,0.12861226670091952,7.517833785186667e-05
32.09242110107648,49.97924104217406,0.12869450356090084,7.506749189190032e-05
32.22119813314862,49.97931582388055,0.12877703207213642,7.478170648766991e-05
32.35005789982619,49.97939014547435,0.12885976667757149,7.432159380016401e-05
32.479000520079815,49.979463835046765,0.1289426202536248,7.368957241737917e-05
32.6080260244001,49.97953672489786,0.12902550432028193,7.288985109710211e-05
32.7371343536678,49.97960865326991,0.12910832926770155,7.192837205138858e-05
32.86632535826936,49.97967946598482,0.12919100460155875,7.081271490960717e-05
32.995598797478685,49.97974901794944,0.129273439209328,6.955196461433388e-05
33.124954339128486,49.97981717449692,0.1293555416498009,6.815654748493216e-05
33.25439155959617,49.97988381253829,0.12943722046768613,6.663804136763929e-05
33.383909944131474,49.97994882150486,0.1295183845353023,6.500896657257726e-05
33.51350888755429,49.98001210406966,0.1295989434228133,6.3282564795486e-05
33.64318769535254,49.980073576643186,0.1296788077982498,6.147257352751012e-05
33.77294558521068,49.98013316964633,0.12975788985814063,5.959300314373195e-05
33.902781688999674,49.98019082756955,0.12983610378899613,5.765792322165453e-05
34.032695055258976,49.98024650883335,0.12991336625930217,5.568126380239846e-05
34.16268465220011,49.98030018546956,0.12998959694113665,5.36766362060348e-05
34.29274937125966,49.98035184264643,0.13006471905954697,5.1657176868502575e-05
34.422888031226904,49.980401478062575,0.13013865996724405,4.963541614699807e-05
34.553099382967936,49.98044910123592,0.13021135174103193,4.7623173344391034e-05
34.683382114763724,49.98049473271356,0.13028273179578775,4.563147764002906e-05
34.813734858274174,49.98053840322757,0.1303527435104499,4.367051401032995e-05
34.94415619513423,49.98058015282001,0.13042133686005286,4.174959244096499e-05
35.074644664180695,49.98062002995818,0.13048846904646894,3.987713817110716e-05
35.20519876930074,49.98065809065856,0.13055410512004784,3.806070037626341e-05
35.335816987884364,49.980694397635276,0.13061821858362066,3.630697671752614e-05
35.466497779854095,49.98072901948604,0.1306807919697306,3.462185076585911e-05
35.597239597235735,49.980762029926,0.13074181738164015,3.301043995662667e-05
35.72804089422451,49.98079350707737,0.1308012969887784,3.147715137430396e-05
35.85890013769165,49.980823532820686,0.1308592434671354,3.002574331389951e-05
35.9898158180674,49.980852192211195,0.1309156803757503,2.8659390508778415e-05
36.12078646052824,49.98087957296262,0.1309706424608379,2.7380751426164807e-05
36.25181063640835,49.98090576499873,0.13102417588011406,2.6192036109762284e-05
36.38288697474895,49.98093086007207,0.1310763383405984,2.5095073340253293e-05
36.514014173893365,49.980954951448176,0.13112719914441584,2.4091376104706796e-05
36.645191013031344,49.98097813365267,0.13117683913797862,2.3182204493821246e-05
36.77641636359254,49.98100050227794,0.1312253505611949,2.236862526672212e-05
36.90768920038645,49.9810221538454,0.13127283679391155,2.1651567465141852e-05
37.03900861238445,49.981043185718875,0.13131941199799968,2.1031873473020823e-05
37.170373813038104,49.98106369606387,0.1313652006536543,2.051034499572779e-05
37.30178415002723,49.98108378384724,0.13141033698912707,2.0087783369149292e-05
37.43323911433061,49.98110354887101,0.13145496430338,1.9765023772322365e-05
37.564738348511845,49.98112309183365,0.13149923418123421,1.95429626401733e-05
37.69628165411273,49.98114251441148,0.13154330560088567,1.9422577828720478e-05
37.827868998046824,49.98116191935232,0.13158734393409333,1.9404940836409423e-05
37.959500517886745,49.981181410572795,0.13163151983992094,1.9491220477618754e-05
38.09117652594086,49.98120109325008,0.1316760080541144,1.9682677283583416e-05
38.22289751201865,49.981221073898126,0.13172098607778793,1.9980648048090188e-05
38.35466414479004,49.981241460417806,0.1317666327713951,2.0386519679505e-05
38.48647727165285,49.98126236210959,0.13181312686280933,2.090169178359247e-05
38.618337917034715,49.981283889636856,0.13186064538186315,2.152752726658491e-05
38.75024727907225,49.98130615492723,0.13190936203753267,2.2265290375855784e-05
38.88220672463032,49.98132927099882,0.13195944555807415,2.3116071588447085e-05
39.014217782648714,49.9813533516978,0.1320110580183922,2.4080698977968495e-05
39.14628213583119,49.98137851133362,0.13206435318247856,2.5159635818283732e-05
39.27840161072267,49.981404864197884,0.1321194748914749,2.63528642676647e-05
39.410578166252066,49.98143252395325,0.1321765555293979,2.7659755367892558e-05
39.54281388085082,49.98146160287924,0.13223571459875672,2.907892599068873e-05
39.67511093828756,49.98149221096282,0.13229705743673748,3.0608083577021716e-05
39.80747161238692,49.981524454823266,0.1323606740993597,3.224386044564653e-05
39.93989825082337,49.98155843646308,0.1324266384364492,3.398163981671587e-05
40.0723932581976,49.98159425184005,0.13249500737423148,3.5815376968173496e-05
40.20495907861293,49.981631989259895,0.13256582041532994,3.773741984502976e-05
40.33759817797191,49.98167172759474,0.13263909935898255,3.973833484138822e-05
40.47031302620866,49.98171353433988,0.13271484823674484,4.180674514486782e-05
40.60310607966125,49.981757463530364,0.13279305345259473,4.392919048257227e-05
40.73597976377162,49.981803553549575,0.13287368411036482,4.609001921096478e-05
40.86893645627902,49.98185182487459,0.13295669250740616,4.827132501361575e-05
41.001978471048965,49.981902277816864,0.13304201476994137,5.045294227556951e-05
41.13510804265344,49.98195489033162,0.1331295716044778,5.261251475729978e-05
41.26832731179276,49.98200961598424,0.13321926913931748,5.4725652617548803e-05
41.40163831162414,49.98206638217559,0.13331099983138017,5.676619134931116e-05
41.53504295504007,49.98212508873943,0.13340464341592906,5.870656384132644e-05
41.66854302291974,49.98218560703164,0.13350006787967317,6.0518292208655566e-05
41.80214015336093,49.982247779631194,0.13359713044118848,6.217259955576537e-05
41.9358358318877,49.98231142076476,0.13369567852677022,6.364113356482903e-05
42.069631382621154,49.98237631754866,0.13379555073345273,6.489678390408926e-05
42.203527960396485,49.982442232113215,0.1338965777753316,6.591456455140587e-05
42.3375265438092,49.98250890463467,0.13399858341271198,6.66725214557573e-05
42.47162792917687,49.982576057251435,0.13410138536767136,6.71526167650427e-05
42.60583272540936,49.98264339878602,0.13420479623248838,6.734153458154424e-05
42.74014134978997,49.98271063013719,0.13430862438061553,6.723135117425727e-05
42.874554024682055,49.98277745015371,0.13441267489208286,6.682001652080771e-05
43.009070775189386,49.98284356175691,0.13451675050733058,6.611160319636156e-05
43.14369142781393,49.98290867805104,0.13462065262454104,6.511629413097353e-05
43.27841561017032,49.98297252815129,0.13472418235639338,6.385010025411475e-05
43.413242751832215,49.983034862471776,0.13482714166189425,6.233432048219356e-05
43.54817208640032,49.98309545724996,0.13492933456810619,6.059477818354253e-05
43.68320265489515,49.983154118135815,0.13503056849482675,5.866088585548823e-05
43.818333310587974,49.98321068273833,0.13513065569282645,5.656460251657336e-05
43.95356272539081,49.98326502209185,0.13522941480283635,5.433935351817354e-05
44.08888939792902,49.98331704107236,0.13532667253821273,5.201898051154785e-05
44.22431166341845,49.98336667785298,0.13542226548942438,4.96367806164244e-05
44.35982770546085,49.98341390253337,0.1355160420424042,4.7224680393753715e-05
44.49543556985719,49.98345871510721,0.13560786439634143,4.481257384014725e-05
44.631133180516585,49.9835011429446,0.1356976106593919,4.242783738561684e-05
44.76691835750938,49.98354123796445,0.13578517699279757,4.009501985535735e-05
44.902788837275615,49.98357907365817,0.13587047976623268,3.783569371762496e-05
45.03874229495485,49.98361474210398,0.1359534576792356,3.566844581115447e-05
45.17477636875136,49.98364835108534,0.1360340737965089,3.360898136151036e-05
45.31088868618989,49.983680021399216,0.13611231743853125,3.167031387363295e-05
45.447076892054255,49.98370988441398,0.13618820586436442,2.986301476681774e-05
45.583338677734936,49.983738079913415,0.1362617856806807,2.8195499432115412e-05
45.71967181164526,49.9837647542435,0.13633313391032686,2.6674330086962073e-05
45.85607417030103,49.983790058763105,0.136402358655765,2.5304519603253084e-05
45.99254376959752,49.98381414858721,0.13646959929648972,2.4089824101736212e-05
46.1290787957636,49.98383718160256,0.13653502616607938,2.303301535278024e-05
46.265677635426385,49.9838593177287,0.1365988396627884,2.2136126140992474e-05
46.40233890418385,49.98388071839281,0.13666126875746443,2.1400664110160506e-05
46.53906147305846,49.98390154618328,0.13672256887461032,2.082779047185568e-05
46.675844492194,49.98392196464427,0.13678301913554236,2.041846098421729e-05
46.81268741116221,49.98394213817151,0.1368429189682061,2.0173527239819578e-05
46.94958999526817,49.983962231967865,0.136902584105961,2.0093796358366944e-05
47.08655233728653,49.98398241201556,0.13696234201835722,2.0180047691553682e-05
47.22357486412714,49.98400284502064,0.13702252684061023,2.0433005083475564e-05
47.360658338022034,49.98402369828442,0.13708347389489717,2.085326377709862e-05
47.4978038519466,49.984045139455624,0.13714551392456542,2.144117120650435e-05
47.635012819136115,49.984067336117256,0.13720896718951536,2.2196661632278847e-05
47.7722869567311,49.98409045516241,0.13727413759498575,2.3119045152952822e-05
47.90962826377353,49.98411466191489,0.1373413070424263,2.420675247805093e-05
48.04703899397038,49.984140118953064,0.137410730196855,2.5457038177023605e-05
48.1845216238282,49.98416698459929,0.13748262985782134,2.6865646226781337e-05
48.32207881692646,49.984195411043224,0.1375571930982531,2.842644393297178e-05
48.45971338522583,49.984225542075585,0.13763456829937581,3.0131032360714016e-05
48.59742824838825,49.9842575104207,0.1377148631624152,3.196834511243196e-05
48.73522639211221,49.9842914346717,0.1377981437239626,3.392425099946195e-05
48.8731108264599,49.98432741585348,0.13788443434768993,3.598118178160803e-05
49.01108454507567,49.98436553366544,0.13797371861576835,3.8117811961058123e-05
49.149150486079726,49.98440584248983,0.1380659410040579,4.030882438854633e-05
49.287311495278466,49.98444836729189,0.13816100919873975,4.252480206190512e-05
49.42557029217809,49.98449309958359,0.1382587968996205,4.4732291698323934e-05
49.56392943913424,49.984539993670616,0.13835914695615514,4.6894087027737896e-05
49.702391313828315,49.98458896344837,0.13846187469407312,4.8969777751040056e-05
49.840958085138446,49.98463988004912,0.1385667713101313,5.0916600756067965e-05
49.97963169237563,49.9846925706622,0.13867360723718036,5.2690613074446446e-05
50.11841382778342,49.984746818841245,0.13878213540779427,5.424817904753354e-05
50.2573059221538,49.98480236657013,0.13889209437037664,5.554772888416437e-05
50.396309133388876,49.98485891827458,0.13900321123507808,5.655170445351132e-05
50.535424337835565,49.98491614684067,0.13911520444668923,5.7228566085143484e-05
50.67465212423352,49.984973701539396,0.13922778639795297,5.755469872781305e-05
50.813992790142294,49.985031217574594,0.13934066590877592,5.751603519854598e-05
50.953446340747284,49.98508832679125,0.13945355060499054,5.710921665524893e-05
51.093012489981774,49.98514466893109,0.13956614923448996,5.634213984251346e-05
51.23269066394014,49.985199902728766,0.1396781739583659,5.523379767424785e-05
51.37248000659126,49.98525371612559,0.1397893426511203,5.381339682486441e-05
51.51237938782669,49.98530583494761,0.13989938123543055,5.211882201905382e-05
51.65238741389158,49.985356029542615,0.1400080260648906,5.01945950048821e-05
51.79250244024265,49.98540411907579,0.14011502635106865,4.808953317336773e-05
51.93272258685251,49.98544997341255,0.14022014660986315,4.5854336761408376e-05
52.073045755927964,49.98549351273516,0.14032316907545095,4.3539322611252373e-05
52.213469651925934,49.98553470521592,0.14042389599796934,4.119248075795667e-05
52.353991803627956,49.985573563184914,0.1405221517020223,3.885796899538718e-05
52.49460958786475,49.985610138278304,0.14061778423679527,3.657509338950149e-05
52.6353202542575,49.985644516040644,0.14071066639274932,3.4377762339943274e-05
52.776120950050746,49.98567681039665,0.14080069579324572,3.229435600360375e-05
52.91700874373993,49.985707158322654,0.14088779368918125,3.034792600686842e-05
53.05798064572669,49.98573571495374,0.14097190198675946,2.855663108647377e-05
53.19903362364383,49.985762649271955,0.14105297791714122,2.6934318213989172e-05
53.34016460924546,49.985788140444015,0.1411309856016345,2.549117206029905e-05
53.48137049280739,49.98581237481624,0.14120588356193053,2.423437222631719e-05
53.622648099753405,49.985835543531394,0.1412776069460122,2.3168715152621644e-05
53.763994142597774,49.985857840704455,0.14134604284436847,2.2297173060792375e-05
53.90540513908618,49.98587946207981,0.14141099648840338,2.1621375353220174e-05
54.046877284320594,49.9859006040882,0.14147214523441676,2.1142008392871503e-05
54.18840626015661,49.985921463226056,0.14152897583601742,2.085913785521143e-05
54.32998695838301,49.985942235691866,0.14158069822639874,2.0772465809670848e-05
54.47161308357079,49.98596311723431,0.14162612518777706,2.0881542447170887e-05
54.61327658413977,49.985984303196645,0.14166350056898125,2.118596233202652e-05
54.7549668306271,49.986005988786744,0.14169024648732886,2.168559009874116e-05
54.896669407245135,49.98602836967161,0.1417025766180373,2.2380884864503514e-05
55.03836428279304,49.98605164310987,0.1416948755479055,2.3273438259252544e-05
55.18002292501887,49.98607601004228,0.1416586422258277,2.436693241492094e-05
55.32160348054885,49.98610167896872,0.14158055552998405,2.5668926440403084e-05
55.4630420717595,49.98612887334129,0.14143859121065105,2.7194372570704672e-05
55.60423529876937,49.98615784645237,0.14119322700986459,2.8973111078300917e-05
55.74499919293968,49.98618891432553,0.14076389417031265,3.106787315942938e-05
55.8849471293989,49.986222540111584,0.13994793645922243,3.3625786052482454e-05
56.02294063411385,49.98625960423602,0.13799350471494876,3.7064124434493806e-05
56.15147644004153,49.986301676153225,0.128535805927676,4.207191720695391e-05
56.2503062459241,49.98631579436433,0.0988298058825734,1.4118211105085265e-05
56.338871206777064,49.986346148170654,0.08856496085296328,3.035380632354645e-05
56.42426556034099,49.98638052910792,0.08539435356392744,3.43809372651549e-05
56.50836231571144,49.98641233651438,0.08409675537044592,3.180740645802871e-05
56.5917535679689,49.98644084922748,0.08339125225746358,2.8512713100781184e-05
56.67462094447731,49.986465897554325,0.08286737650841047,2.5048326847354474e-05
56.757022287619215,49.98648750862213,0.08240134314190328,2.161106780818045e-05
56.838980844497165,49.98650586297973,0.08195855687795017,1.8354357600003368e-05
56.92050988722525,49.98652125333999,0.0815290427280857,1.539036025377527e-05
57.00161933211836,49.98653404067238,0.08110944489310867,1.278733239473695e-05
57.082317568840786,49.98654461657532,0.08069823672242649,1.0575902940956894e-05
57.16261204249318,49.98655337577874,0.08029447365239406,8.759203417696426e-06
57.24250949782341,49.98656069905118,0.07989745533023296,7.32327244179487e-06
57.32201611565703,49.98656694513276,0.07950661783361568,6.246081575511653e-06
57.40113760767317,49.98657244964095,0.07912149201614227,5.5045081950311214e-06
57.47987929571321,49.98657752867545,0.07874168804004,5.079034494315238e-06
57.55824618672891,49.98658248487531,0.0783668910156976,4.956199866512634e-06
57.63624304329187,49.98658761389726,0.07799685656296163,5.129021943162115e-06
57.71387444121282,49.9865932096841,0.0776313979209533,5.595786845447037e-06
57.79114480304736,49.986599567471295,0.07727036183453606,6.357787192712294e-06
57.86805840065168,49.98660698416333,0.07691359760431737,7.416692035633332e-06
57.94461932995871,49.986615756340505,0.07656092930703551,8.772177174876106e-06
58.02083147234784,49.98662617652539,0.07621214238912444,1.04201848856178e-05
58.09669846408172,49.986638528310245,0.07586699173388212,1.2351784853592562e-05
58.17222369479758,49.9866530805471,0.07552523071586137,1.4552236855536194e-05
58.2474103479659,49.98667008023441,0.0751866531683163,1.6999687311169964e-05
58.322261483734344,49.98668974329345,0.07485113576844782,1.966305903522425e-05
58.39678015215658,49.98671224237822,0.07451866842223609,2.249908477125473e-05
58.47096951627125,49.98673769133964,0.07418936411467314,2.5448961423535366e-05
58.54483296179586,49.98676612692824,0.07386344552460855,2.843558859666473e-05
58.61837417330163,49.98679748955196,0.07354121150576987,3.136262372294141e-05
58.691597164141704,49.986831606045385,0.07322299084007255,3.411649342410783e-05
58.764506256843056,49.986868178037874,0.0729090927013516,3.657199248863208e-05
58.83710601973241,49.98690677930607,0.07259976288935377,3.8601268194327076e-05
58.90940117223027,49.98694686438408,0.07229515249785834,4.008507801245287e-05
58.98139647429874,49.98698778892857,0.07199530206847271,4.0924544492781934e-05
59.053096614790135,49.98702884038383,0.07170014049139439,4.1051455255569635e-05
59.12450610976324,49.9870692758809,0.07140949497310345,4.043549706977956e-05
59.19562921679882,49.98710836336714,0.07112310703558222,3.908748624326108e-05
59.26646986674739,49.98714542175763,0.07084064994857187,3.705839048961934e-05
59.33703161156588,49.98717985629331,0.07056174481848387,3.4434535677974054e-05
59.407317586443135,49.98721118609814,0.07028597487725818,3.132980483400161e-05
59.4773304857669,49.98723906200789,0.07001289932376409,2.7875909744068395e-05
59.54707255444321,49.987263273985256,0.06974206867631239,2.4211977368793214e-05
59.6165455973559,49.98728374869786,0.06947304291269063,2.047471260624434e-05
59.68575100955824,49.98730053892008,0.06920541220233645,1.6790222218787676e-05
59.75468982809625,49.987313807131216,0.0689388185380082,1.3268211134231933e-05
59.823362803777975,49.9873238059105,0.06867297568172859,9.998779283648673e-06
59.89177048857481,49.9873308575024,0.06840768479683135,7.051591900619769e-06
59.95991333238123,49.98733533438899,0.06814284380642022,4.47688658766765e-06
60.027791781926936,49.98733764205121,0.06787844954570943,2.307662221312512e-06
60.09540637473098,49.987338204491195,0.06761459280404125,5.624399861403617e-07
60.16275782187418,49.98733745261827,0.06735144714320285,-7.518729248090494e-07
60.229847074724006,49.98733581529813,0.0670892528498257,-1.637320139025178e-06
60.29667537228882,49.98733371270865,0.06682829756481112,-2.1025894838544446e-06
60.3632442674133,49.98733155159789,0.06656889512448316,-2.1611107570151944e-06
60.42955563145482,49.987329722061176,0.0663113640415176,-1.8295367141263341e-06
60.4956116383673,49.98732859551057,0.0660560069124827,-1.12655060746647e-06
60.5614147302504,49.98732852357569,0.06580309188309741,-7.193487761014694e-08
60.626967567368695,49.98732983772806,0.06555283711829674,1.3141523709236935e-06
60.692272966352945,49.987332849447164,0.06530539898425047,3.011719101664312e-06
60.7573338306963,49.987337850737845,0.06506086434335145,5.001290681150294e-06
60.82215307771037,49.9873451147683,0.06481924701407138,7.264030458031812e-06
60.88673356582862,49.98735489633749,0.06458048811825279,9.781569190181472e-06
60.95107802563716,49.98736743181981,0.06434445980853809,1.2535482319719904e-05
61.01518899743617,49.98738293819187,0.06411097179901049,1.5506372058382567e-05
61.07906877765386,49.9874016107339,0.06387978021768959,1.867254202636559e-05
61.14271937614744,49.98742361901912,0.0636505984935809,2.2008285220920243e-05
61.206142486312615,49.98744910085328,0.06342311016517499,2.548183416450911e-05
61.26933946984452,49.987478153898984,0.06319698353190262,2.9053045700777602e-05
61.33231135774626,49.98751082482662,0.06297188790174602,3.267092763792334e-05
61.39505886859294,49.98754709600951,0.06274751084667685,3.6271182885627695e-05
61.45758244406541,49.98758687008285,0.06252357547246845,3.9774073343323835e-05
61.519882300453176,49.98762995317768,0.06229985638776725,4.30830948303651e-05
61.5819584933921,49.98767603835343,0.062076192938924635,4.608517574666848e-05
61.64381099180763,49.98772469163983,0.06185249841552576,4.86532864059086e-05
61.70543975611,49.98777534398643,0.06162876430237674,5.065234659440421e-05
61.76684481528531,49.98782729298922,0.06140505917530703,5.194900279548165e-05
61.82802633769085,49.9878797181045,0.061181522405540534,5.2425115278254e-05
61.88898469104328,49.98793171179131,0.06095835335242583,5.199368681019223e-05
61.949720488158206,49.9879823265163,0.060735797114929824,5.0614724990794e-05
62.01023461629982,49.98803063412955,0.06051412814161239,4.8307613248255166e-05
62.070528249360976,49.98807579061899,0.06029363306115698,4.5156489441922076e-05
62.13060284337193,49.98811709684181,0.06007459401095616,4.130622281905971e-05
62.19046011691554,49.98815404555504,0.05985727354360648,3.6948713230344765e-05
62.25010201883408,49.98818634732238,0.05964190191853902,3.230176734092538e-05
62.309530686110215,49.98821393212249,0.05942866727613705,2.7584800108115815e-05
62.368748394989744,49.98823692841475,0.059217708879529596,2.2996292258881113e-05
62.42775750831931,49.98825562550433,0.05900911332956582,1.8697089579688964e-05
62.48656042175892,49.98827042719828,0.05880291343960664,1.4801693950516892e-05
62.54515951107811,49.98828180468685,0.058599089319194775,1.1377488569053185e-05
62.60355708224207,49.98829025482244,0.05839757116395816,8.450135588589092e-06
62.661755325517305,49.988296267408344,0.058198243275235484,6.012585906489676e-06
62.719756274435525,49.98830030262399,0.058000948918220274,4.035215646069901e-06
62.77756177018378,49.98830277786108,0.057805495748255,2.4752370890723796e-06
62.835173431848936,49.98830406220675,0.05761166166515608,1.284345671592746e-06
62.89259263291764,49.98830447648535,0.05741920106870424,4.14278595428641e-07
62.94982048448167,49.9883042969288,0.05722785156402921,-1.7955654385559683e-07
63.006857825669684,49.98830376094712,0.05703734118801407,-5.359816839245468e-07
63.063705221864524,49.98830307393249,0.056847396194839916,-6.870146265214316e-07
63.12036297122191,49.98830241644486,0.056657749357384546,-6.57487632338416e-07
63.17683111985208,49.988301951446516,0.05646814863017369,-4.6499834382984773e-07
63.233109485753026,49.988301831471794,0.05627836590094404,-1.1997472171287882e-07
63.28919769120872,49.988302205748184,0.05608820545569415,3.742763894365453e-07
63.345095202922856,49.9883032273454,0.05589751171413582,1.0215972139349105e-06
63.400801378693956,49.98830506043518,0.05570617577109971,1.8330897830765025e-06
63.45631551900067,49.988307887706014,0.055514140306712534,2.827270833449802e-06
63.511636921501825,49.98831191789632,0.055321402501157024,4.030190304149528e-06
63.566764936201466,49.98831739328562,0.05512801469964046,5.47538930106839e-06
63.62169901890901,49.988324596811815,0.05493408270754685,7.203526195098675e-06
63.676438780652234,49.988333858265115,0.05473976174322104,9.26145330026884e-06
63.73098403087536,49.9883455587556,0.054545250223128505,1.1700490482269288e-05
63.785334812565004,49.98836013239014,0.05435078168964225,1.4573634544490233e-05
63.839491427870506,49.98837806387629,0.05415661530550153,1.7931486148370368e-05
63.89345445329191,49.98839988067132,0.05396302542140319,2.1816795026552427e-05
63.94722474406003,49.98842613840612,0.05377029076812079,2.6257734802470623e-05
64.00080342788841,49.98845739872487,0.053578683828384044,3.12603187495597e-05
64.05419188879489,49.98849419944465,0.05338846090647564,3.680071978351407e-05
64.10739174213454,49.98853701803467,0.05319985333964894,4.2818590017645874e-05
64.16040480232716,49.988586230717374,0.05301306019262597,4.9212682704080635e-05
64.2132330449826,49.98864207077555,0.05282824265543695,5.584005817382831e-05
64.26587856522025,49.98870459061185,0.05264552023764679,6.251983630534141e-05
64.31834353395132,49.9887736324595,0.05246496873107276,6.90418476452237e-05
64.37063015376151,49.98884881219112,0.05228661981018945,7.517973162407543e-05
64.42274061582567,49.98892951939754,0.0521104620641637,8.070720641484286e-05
64.4746770590401,49.98901493498643,0.05193644321443003,8.541558889163525e-05
64.52644153230783,49.98910406532398,0.05176447326772404,8.913033754964772e-05
64.57803596068938,49.98919578982354,0.051594428381548596,9.17244995619626e-05
64.62946211595411,49.98928891725878,0.051426155264735485,9.312743524247935e-05
64.68072159193902,49.98938224520762,0.051259475984906544,9.332794883931683e-05
64.73181578503058,49.98947461701353,0.05109419309155783,9.237180590560001e-05
64.78274588001187,49.9895649714087,0.05093009498129675,9.03543951693564e-05
64.8335128414396,49.98965238127361,0.05076696142772619,8.740986491062586e-05
64.8841174106207,49.98973607963104,0.0506045691811039,8.36983574288297e-05
64.93456010814111,49.98981547260259,0.05044269752040975,7.939297154990754e-05
64.98484124176437,49.989890140451244,0.050281133623258256,7.466784865783893e-05
65.03496091937774,49.989959828836426,0.050119677613366775,6.968838518162102e-05
65.08491906653065,49.990024432955934,0.04995814715290692,6.460411950826028e-05
65.13471544799762,49.99008397736692,0.04979638146697596,5.954441098765528e-05
65.18434969271192,49.99013859405329,0.04963424471429789,5.461668636996819e-05
65.23382132136027,49.9901885008592,0.04947162864834809,4.990680590566399e-05
65.28312977590059,49.99023398185868,0.04930845454032351,4.548099948209483e-05
65.332274450258,49.99027537068168,0.049144674357407325,4.138882299997704e-05
65.381254721462,49.990313037336435,0.048980271204001724,3.766665475524178e-05
65.43006998050468,49.99034737869532,0.04881525904268358,3.434135888369383e-05
65.4787196622198,49.99037881255505,0.048649681715119186,3.143385973203294e-05
65.52720327350646,49.990407775033304,0.048483611286656014,2.896247825390219e-05
65.57552041924907,49.990434721002664,0.04831714574261525,2.694596935981508e-05
65.62367082532288,49.99046012726635,0.04815040607380183,2.5406263688410036e-05
65.67165435812568,49.990484498227254,0.0479835328028031,2.4370960900910177e-05
65.71947104014808,49.990508373875436,0.047816682022400414,2.3875648182070108e-05
65.76712106118809,49.9905323400076,0.04765002104001326,2.396613216149035e-05
65.81460478493345,49.99055704068742,0.047483723745358475,2.4700679823297378e-05
65.86192275077237,49.99058319305437,0.04731796583891423,2.6152366949361294e-05
65.90907567084457,49.99061160468901,0.047152920072207394,2.8411634637848238e-05
65.9560644225008,49.99064319384409,0.04698875165622951,3.158915508549853e-05
66.00289003648913,49.99067901295276,0.04682561398833229,3.5819108667567434e-05
66.04955368132055,49.99072027592661,0.04666364483141194,4.126297385198541e-05
66.0960566443748,49.990768389855766,0.04650296305425172,4.811392915371471e-05
66.14240031038469,49.99082499181637,0.04634366600988926,5.660196060119915e-05
66.18858613797916,49.99089199157494,0.04618582759447065,6.699975857316076e-05
66.23461563497497,49.99097162104655,0.046029496995814156,7.962947160677913e-05
66.2804903330864,49.991066491407736,0.045874698111433077,9.487036118827064e-05
66.32621176267958,49.99117965877373,0.04572142959317205,0.00011316736599553678
66.37178142813814,49.9913146993064,0.045569665458558006,0.00013504053266899518
66.41720078433723,49.9914757945016,0.045419356199090544,0.00016109519520313142
66.46247121464603,49.9916678271798,0.045270430308804066,0.00019203267819989378
66.50759401079812,49.9918964883304,0.0451227961520857,0.00022866115059372305
66.55257035488476,49.99216839438957,0.04497634408664908,0.00027190605917581934
66.59740130364159,49.99249121371314,0.04483094875682525,0.0003228193235642607
66.64208777511811,49.992873799902725,0.04468647147652405,0.00038258618958764146
66.68663053775425,49.99332632825512,0.044542762636140765,0.00045252835239750766
66.73103020185114,49.99386043000605,0.04439966409688623,0.0005341017509294943
66.77528721343324,49.99448931744179,0.044257011582104155,0.0006288874357380791
66.81940185056527,49.9952278917796,0.04411463713202579,0.0007385743378094389
66.86337422230235,49.99609282570039,0.043972371737083904,0.0008649339207877915
66.90720427057191,49.99710261466379,0.04383004826955528,0.0010097889634010926
66.95089177531332,49.998277597128826,0.04368750474141336,0.0011749824650379992
66.99443636298315,49.99963995522572,0.04354458766982816,0.0013623580968911142
67.03783751787739,50.00121372574091,0.04340115489424079,0.0015737705151934733
67.0810945944612,50.00302487713208,0.043257076583813614,0.0018111513911662769
67.12420682695938,50.00510154105686,0.04311223249817431,0.0020766639247824514
67.16717332989518,50.0074745251336,0.042966502935797735,0.0023729840767430233
67.20999308007917,50.0101782773311,0.04281975018399464,0.002703752197497522
67.25266486625915,50.01325252744813,0.04267178617998013,0.0030742501170308856
67.29518718546146,50.01674491594593,0.042522319202305425,0.0034923884977970943
67.33755805057893,50.02071507321338,0.04237086511747634,0.003970157267453089
67.37977464242861,50.025240899579345,0.042216591849680185,0.004525826365963326
67.42183267074617,50.03042831788007,0.04205802831755534,0.005187418300728552
67.46372515814947,50.03642662594195,0.041892487403302425,0.005998308061876401
67.50544004661946,50.04345258762552,0.041714888469982725,0.007025961683567061
67.54695551283429,50.05182568778988,0.041515466214832486,0.008373100164362768
67.58823205029645,50.06200599477595,0.041276537462167084,0.010180306986072196
67.62920634432673,50.074588299653854,0.04097429403027775,0.012582304877902573
67.66980502991346,50.0902115645284,0.040598685586729744,0.015623264874548681
67.7099461137315,50.10972135121687,0.04014108381804249,0.01950978668846659
67.74930788688415,50.13567145545152,0.03936177315264899,0.025950104234652827
67.78539141008027,50.17753742351837,0.036083523196111855,0.04186596806685117
67.81659612102678,50.25278728619671,0.031204710946511227,0.07524986267833356
67.84915731043559,50.33101166077573,0.03256118940880981,0.07822437457902254
67.8817743294037,50.40968610145603,0.032617018968110756,0.07867444068030238
67.91438596810708,50.48841458715912,0.03261163870338635,0.07872848570308832
67.94699372129679,50.56714937774607,0.03260775318970843,0.07873479058694954
67.97959906846933,50.64588481931159,0.03260534717253449,0.07873544156552015
68.01220241895594,50.724620204709794,0.03260335048661034,0.07873538539820402
68.04480387333136,50.80335544462413,0.032601454375424055,0.07873523991433728
68.0774034627666,50.88209053277417,0.032599589435236,0.07873508815004016
68.11000120398171,50.96082547479612,0.032597741215113274,0.07873494202194564
68.14259711063609,51.039560278066446,0.03259590665437884,0.07873480327032922
68.17519119558713,51.11829495014816,0.0325940849510431,0.07873467208171547
68.20778347133083,51.19702949854176,0.03259227574369561,0.07873454839359795
68.24037395008929,51.27576393064506,0.03259047875846477,0.07873443210330322
68.27296264383091,51.35449825374799,0.03258869374161577,0.07873432310292827
68.3055495642774,51.433232475033364,0.03258692044649081,0.078734221285373
68.33813472290855,51.51196660157871,0.03258515863115008,0.07873412654534917
68.37071813096635,51.59070064035826,0.032583408057803354,0.07873403877954388
68.40329979945894,51.6694345982449,0.032581668492582594,0.07873395788664084
68.4358797391645,51.748168482012154,0.03257993970557038,0.07873388376725643
68.46845796063509,51.82690229833608,0.032578221470586755,0.07873381632392551
68.50103447420035,51.905636053797146,0.03257651356526026,0.07873375546106587
68.53360928997117,51.984369754882096,0.03257481577081478,0.07873370108494981
68.5661824178433,52.06310340798576,0.032573127872126406,0.07873365310366154
68.59875386750088,52.141837019412804,0.0325714496575813,0.07873361142704738
68.63132364841985,52.22057059537954,0.03256978091897622,0.07873357596673713
68.66389176987144,52.29930414201559,0.032568121451589604,0.0787335466360517
68.6964582409254,52.37803766536561,0.03256647105395416,0.07873352335001726
68.72902307045328,52.45677117139092,0.03256482952788531,0.07873350602530849
68.7615862671317,52.535504665971146,0.03256319667842433,0.07873349458022716
68.79414783944543,52.61423815490582,0.032561572313724696,0.0787334889346738
68.82670779569047,52.69297164391595,0.032559956245037824,0.07873348901013344
68.8592661439771,52.77170513864556,0.03255834828662785,0.07873349472960456
68.8918228922328,52.850438644663186,0.03255674825570054,0.07873350601762752
68.92437804820518,52.9291721674634,0.032555155972389116,0.0787335228002135
68.95693161946485,53.00790571246824,0.032553571259668956,0.07873354500483742
68.98948361340817,53.08663928502865,0.03255199394331498,0.07873357256041658
69.02203403726,53.16537289042592,0.0325504238518306,0.07873360539726804
69.05458289807639,53.24410653387301,0.03254886081639086,0.07873364344708733
69.0871302027472,53.32284022051596,0.032547304670814015,0.07873368664294844
69.11967595799872,53.4015739554352,0.032545755251518926,0.07873373491923985
69.15222017039615,53.48030774364687,0.032544212397425554,0.07873378821167165
69.18476284634608,53.55904159010411,0.03254267594992655,0.07873384645724002
69.21730399209895,53.63777549969832,0.032541145752873035,0.078733909594213
69.24984361375142,53.7165094772604,0.03253962165247515,0.07873397756208078
69.28238171724873,53.795243527561986,0.03253810349730202,0.07873405030158409
69.31491830838692,53.873977655316615,0.03253659113819651,0.07873412775462896
69.34745339281517,53.95271186518095,0.03253508442824682,0.07873420986433644
69.37998697603788,54.0314461617559,0.03253358322271538,0.07873429657495024
69.41251906341697,54.110180549587774,0.03253208737908153,0.07873438783187225
69.44504966017384,54.18891503316939,0.03253059675687098,0.07873448358161284
69.47757877139155,54.26764961694118,0.032529111217712625,0.07873458377179077
69.51010640201682,54.34638430529226,0.032527630625267534,0.07873468835108355
69.54263255686196,54.42511910256151,0.03252615484514365,0.0787347972692487
69.57515724060691,54.503854013038584,0.032524683744952654,0.07873491047707404
69.60768045780107,54.58258904096496,0.03252321719415363,0.07873502792637765
69.6402022128652,54.661324190534934,0.03252175506413835,0.0787351495699724
69.67272251009327,54.74005946589661,0.03252029722806071,0.07873527536167302
69.70524135365417,54.81879487115285,0.03251884356090784,0.07873540525624634
69.7377587475936,54.89753041036229,0.032517393939428985,0.07873553920943976
69.77027469583567,54.97626608754021,0.032515948242064496,0.0787356771779173
69.80278920218461,55.055001906659484,0.032514506348945815,0.07873581911927374
69.83530227032648,55.13373787165149,0.03251306814186705,0.0787359649920063
69.86781390383071,55.21247398640701,0.03251163350422814,0.07873611475552167
69.90032410615173,55.291210254777084,0.03251020232102064,0.07873626837007208
69.93283288063049,55.36994668057389,0.032508774478756663,0.07873642579680507
69.96534023049597,55.44868326757157,0.03250734986548309,0.07873658699767816
69.99784615886671,55.52742001950709,0.03250592837073896,0.07873675193552288
70.03035066875219,55.60615694008105,0.03250450988548437,0.07873692057395942
70.06285376305433,55.68489403295847,0.032503094302143154,0.07873709287741804
70.09535544456881,55.763631301769614,0.03250168151447497,0.07873726881114607
70.12785571598647,55.842368750110744,0.03250027141766054,0.07873744834112983
70.16035457989463,55.9211063815449,0.03249886390815959,0.07873763143415857
70.1928520387784,55.99984419960266,0.03249745888376765,0.07873781805776048
70.22534809502193,56.078582207782866,0.0324960562435308,0.07873800818020271
70.25784275090967,56.15732040955335,0.032494655887745694,0.0787382017704843
70.29033600862763,56.236058808351686,0.03249325771795952,0.0787383987983361
70.32282787026449,56.314797407585864,0.032491861636856356,0.07873859923417825
70.35531833781282,56.393536210635,0.032490467548328184,0.07873880304913428
70.38780741317021,56.472275220850015,0.03248907535738965,0.07873901021501695
70.42029509814037,56.55101444155432,0.032487684970163855,0.07873922070430694
70.45278139443423,56.629753876044475,0.03248629629385391,0.07873943449015286
70.48526630367098,56.708493527590825,0.032484909236757176,0.07873965154634988
70.51774982737916,56.78723339943817,0.03248352370817997,0.07873987184734688
70.5502319669976,56.86597349480638,0.0324821396184376,0.07874009536821092
70.58271272387647,56.944713816891046,0.03248075687886853,0.07874032208466275
70.61519209927822,57.023454368864066,0.032479375401749166,0.07874055197301999
70.64767009437851,57.10219515387426,0.03247799510029381,0.0787407850101971
70.6801467102672,57.180936175047975,0.032476615888683114,0.07874102117371251
70.71262194794915,57.25967743548964,0.032475237681950375,0.0787412604416673
70.74509580834516,57.33841893828239,0.03247386039600997,0.07874150279274517
70.77756829229283,57.4171606864886,0.03247248394767155,0.07874174820621249
70.81003940054735,57.495902683150476,0.03247110825452637,0.07874199666187565
70.84250913378236,57.5746449312906,0.03246973323500413,0.07874224814012365
70.87497749259069,57.65338743391247,0.03246835880833032,0.07874250262187132
70.90744447748519,57.73213019400105,0.03246698489449784,0.07874276008858061
70.93991008889942,57.8108732145233,0.03246561141423854,0.07874302052224635
70.97237432718846,57.88961649842867,0.03246423828903744,0.078743283905375
71.00483719262954,57.96836004864969,0.032462865441075905,0.07874355022102009
71.03729868542277,58.04710386810241,0.03246149279323163,0.07874381945271836
71.06975880569183,58.125847959686936,0.03246012026906442,0.07874409158452522
71.10221755348462,58.204592326287916,0.03245874779278779,0.07874436660097928
71.13467492877385,58.283336970775046,0.03245737528922632,0.0787446444871307
71.1671309314577,58.362081896003545,0.03245600268385829,0.07874492522849863
71.19958556136046,58.44082710481462,0.032454629902758825,0.07874520881107827
71.23203881823301,58.519572600035985,0.03245325687254308,0.0787454952213622
71.26449070175346,58.59831838448226,0.032451883520451474,0.07874578444627645
71.2969412115277,58.6770644609555,0.032450509774236025,0.07874607647323728
71.32939034708988,58.7558108322456,0.03244913556218876,0.07874637129010154
71.361838107903,58.834557501130774,0.03244776081311329,0.07874666888517368
71.3942844933593,58.913304470377994,0.03244638545629641,0.07874696924722002
71.42672950278083,58.99205174274343,0.0324450094215365,0.07874727236543322
71.45917313541992,59.070799320972874,0.03244363263908667,0.07874757822944645
71.49161539045953,59.1495472078022,0.03244225503961218,0.07874788682932632
71.52405626701379,59.22829540595776,0.03244087655426142,0.07874819815555867
71.55649576412834,59.307043918156815,0.032439497114552296,0.07874851219905565
71.5889338807808,59.38579274710796,0.03243811665245744,0.07874882895114865
71.62137061588108,59.464541895511545,0.03243673510027634,0.07874914840358116
71.65380596827181,59.543291366060046,0.032435352390734806,0.07874947054850168
71.68623993672865,59.622041161438524,0.03243396845684288,0.07874979537847793
71.71867251996068,59.70079128432498,0.032432583232022694,0.07875012288645422
71.75110371661066,59.77954173739078,0.03243119664998062,0.0787504530658012
71.7835335252554,59.85829252330104,0.03242980864473566,0.07875078591025897
71.815961944406,59.93704364471502,0.03242841915060524,0.07875112141397977
71.84838897250818,60.01579510428651,0.03242702810217679,0.07875145957149243
71.88081460794253,60.09454690466421,0.0324256354343504,0.07875180037770235
71.91323884902472,60.17329904849213,0.03242424108219666,0.07875214382791995
71.94566169400582,60.252051538409944,0.03242284498109882,0.07875248991781092
71.97808314107245,60.33080437705337,0.032421447066624864,0.07875283864342464
72.01050318834702,60.40955756705456,0.03242004727457015,0.07875319000119418
72.0429218338879,60.488311111042464,0.03241864554088636,0.0787535439879008
72.07533907568966,60.56706501164318,0.03241724180175254,0.07875390060071652
72.10775491168316,60.64581927148035,0.03241583599350406,0.07875425983716866
72.14016933973576,60.72457389317549,0.032414428052604194,0.0787546216951398
72.17258235765145,60.803328879348385,0.03241301791568674,0.07875498617289622
72.20499396317095,60.88208423261742,0.032411605519499176,0.07875535326903815
72.2374041539718,60.96083995560019,0.03241019080084584,0.07875572298276978
72.2698129276678,61.0395960509162,0.032408773696005255,0.07875609531600958
72.30222028181005,61.11835252118285,0.03240735414225071,0.07875647026664723
72.33462621388718,61.19710936901665,0.0324059320771255,0.07875684783380166
72.36703072132504,61.27586659703439,0.032404507437860275,0.07875722801773577
72.39943380148675,61.35462420785356,0.032403080161714115,0.07875761081917432
72.4318354516727,61.43338220409276,0.032401650185946096,0.07875799623919733
72.46423566912053,61.512140588371985,0.032400217447829505,0.07875838427922588
72.49663445100515,61.590899363313035,0.03239878188462342,0.07875877494105055
72.52903179443877,61.669658531539824,0.03239734343361533,0.07875916822678874
72.56142769647082,61.74841809567873,0.03239590203205012,0.07875956413890606
72.59382215408796,61.82717805835894,0.03239445761714421,0.07875996268020913
72.626215164214,61.9059384222128,0.03239301012604301,0.07876036385385987
72.65860672370988,61.98469918987615,0.032391559495877686,0.07876076766335416
72.69099682937353,62.06346036398869,0.032390105663651525,0.07876117411253603
72.72338547793986,62.14222194719427,0.03238864856632517,0.07876158320558346
72.75577266608059,62.2209839421413,0.03238718814073138,0.07876199494702973
72.78815839040418,62.29974635148304,0.032385724323589216,0.07876240934173495
72.82054264745568,62.37850917787796,0.03238425705150405,0.0787628263949216
72.85292543371659,62.4572724239901,0.032382786260910734,0.07876324611213903
72.88530674560472,62.53603609248939,0.032381311888130426,0.07876366849929184
72.917686579474,62.614800186052,0.032379833869271124,0.07876409356261149
72.95006493161429,62.69356470736069,0.032378352140298716,0.07876452130869183
72.98244179825123,62.77232965910516,0.03237686663693751,0.07876495174446774
73.01481717554597,62.85109504398237,0.03237537729474127,0.07876538487720808
73.04719105959498,62.92986086469691,0.032373884049007984,0.07876582071454408
73.07956344642979,63.008627123961354,0.03237238683480825,0.07876625926444092
73.11193433201677,63.08739382449659,0.03237088558698531,0.07876670053523327
73.14430371225683,63.16616096903217,0.032369380240055534,0.07876714453558264
73.17667158298514,63.24492856030668,0.032367870728307935,0.07876759127451294
73.20903793997084,63.32369660106809,0.03236635698570467,0.07876804076141042
73.24140277891675,63.40246509407409,0.03236483894590947,0.07876849300599531
73.27376609545901,63.481234042092446,0.03236331654225921,0.07876894801835732
73.30612788516676,63.560003447901394,0.03236178970774972,0.07876940580894853
73.33848814354175,63.63877331428997,0.03236025837499312,0.0787698663885763
73.37084686601803,63.717543644058374,0.03235872247627469,0.07877032976840326
73.4032040479615,63.79631444001835,0.032357181943467594,0.07877079595997571
73.43555968466954,63.87508570499354,0.032355636708047086,0.07877126497518816
73.4679137713706,63.953857441819856,0.0323540867010621,0.07877173682631877
73.50026630322374,64.03262965334586,0.03235253185313525,0.0787722115260081
73.53261727531817,64.11140234243315,0.03235097209443438,0.07877268908728752
73.56496668267285,64.1901755119567,0.03234940735467262,0.07877316952354363
73.5973145202359,64.26894916480526,0.032347837563051485,0.07877365284856808
73.6296607828842,64.34772330388178,0.032346262648303536,0.07877413907651487
73.66200546542282,64.42649793210373,0.03234468253862133,0.07877462822195014
73.69434856258448,64.50527305240355,0.0323430971616574,0.0787751202998237
73.72669006902902,64.58404866772902,0.03234150644453848,0.07877561532546906
73.75902997934283,64.66282478104364,0.03233991031380867,0.07877611331461765
73.79136828803824,64.74160139532708,0.03233830869541521,0.0787766142834414
73.82370498955294,64.82037851357555,0.032336701514694255,0.07877711824846756
73.85604007824931,64.89915613880224,0.03233508869637092,0.0787776252266923
73.88837354841381,64.97793427403771,0.03233347016450239,0.07877813523546706
73.92070539425633,65.0567129223303,0.03233184584252058,0.07877864829259806
73.95303560990946,65.13549208674665,0.032330215653132655,0.07877916441634625
73.98536418942783,65.21427177037198,0.032328579518363654,0.07877968362532783
74.01769112678733,65.29305197631066,0.03232693735949965,0.07878020593868484
74.05001641588443,65.3718327076866,0.03232528909710197,0.07878073137592878
74.08234005053536,65.45061396764365,0.03232363465093613,0.07878125995705432
74.11466202447536,65.52939575934616,0.03232197394000025,0.07878179170251087
74.14698233135783,65.60817808597936,0.03232030688246823,0.07878232663320262
74.17930096475354,65.68696095074984,0.032318633395703955,0.07878286477047425
74.21161791814973,65.76574435688603,0.03231695339619023,0.07878340613619628
74.24393318494927,65.8445283076387,0.032315266799542997,0.07878395075266553
74.27624675846971,65.9233128062815,0.032313573520440286,0.07878449864280412
74.30855863194238,66.00209785611136,0.03231187347266484,0.07878504982986101
74.34086879851144,66.08088346044899,0.032310166569061494,0.07878560433762516
74.37317725123292,66.15966962263933,0.03230845272148031,0.07878616219034029
74.40548398307368,66.23845634605219,0.03230673184076238,0.07878672341286119
74.43778898691042,66.31724363408273,0.03230500383673984,0.07878728803054003
74.47009225552857,66.39603149015196,0.03230326861815058,0.07878785606922634
74.50239378162122,66.47481991770735,0.032301526092652466,0.07878842755539495
74.53469355778805,66.55360892022333,0.032299776166823335,0.07878900251597543
74.56699157653411,66.63239850120186,0.03229801874606153,0.07878958097853683
74.59928783026872,66.71118866417304,0.03229625373461431,0.07879016297117403
74.63158231130421,66.7899794126956,0.032294481035492595,0.07879074852256451
74.66387501185471,66.8687707503576,0.032292700550499376,0.07879133766199686
74.69616592403487,66.94756268077694,0.03229091218015867,0.0787919304193423
74.72845503985859,67.02635520760205,0.03228911582371552,0.07879252682511151
74.76074235123764,67.10514833451242,0.03228731137905072,0.07879312691036944
74.79302784998032,67.18394206521933,0.03228549874268083,0.07879373070690576
74.82531152779005,67.26273640346642,0.03228367780972974,0.07879433824709281
74.85759337626392,67.34153135303042,0.03228184847387183,0.07879494956399924
74.88987338689124,67.42032691772174,0.03228001062731778,0.07879556469131899
74.92215155105198,67.49912310138522,0.03227816416074347,0.07879618366348495
74.95442786001527,67.5779199079008,0.032276308963290035,0.07879680651558374
74.98670230493772,67.65671734118426,0.03227444492245013,0.07879743328345512
75.01897487686188,67.7355154051879,0.032272571924153226,0.0787980640036352
75.05124556671447,67.81431410390131,0.03227068985259507,0.07879869871341327
75.08351436530472,67.89311344135214,0.03226879859025189,0.07879933745083179
75.11578126332259,67.97191342160686,0.0322668980178662,0.0787999802547148
75.1480462513369,68.05071404877154,0.03226498801430466,0.07880062716468217
75.18030931979352,68.12951532699267,0.032263068456629185,0.07880127822113536
75.21257045901346,68.20831726045799,0.03226113921994056,0.07880193346531428
75.24482965919088,68.28711985339731,0.03225920017742112,0.07880259293932568
75.27708691039108,68.36592311008341,0.03225725120019263,0.07880325668610055
75.30934220254841,68.44472703483288,0.03225529215733047,0.07880392474946518
75.34159552546419,68.52353163200704,0.032253322915778426,0.07880459717415533
75.37384686880449,68.60233690601287,0.032251343340305993,0.07880527400583048
75.40609622209791,68.68114286130394,0.032249353293423155,0.07880595529107381
75.4383435747333,68.7599495023814,0.032247352635380366,0.07880664107746327
75.4705889159573,68.83875683379493,0.032245341223998025,0.07880733141352891
75.50283223487202,68.91756486014378,0.03224331891472332,0.07880802634885242
75.5350735204325,68.99637358607781,0.03224128556048811,0.07880872593402444
75.56731276144417,69.07518301629852,0.03223924101166631,0.07880943022071563
75.59954994656016,69.15399315556019,0.03223718511598861,0.07881013926166247
75.63178506427865,69.23280400867094,0.03223511771848564,0.07881085311075253
75.66401810294005,69.31161558049394,0.0322330386614027,0.07881157182299603
75.69624905072416,69.3904278759485,0.032230947784114505,0.07881229545456847
75.72847789564725,69.46924090001136,0.032228844923082534,0.07881302406285329
75.76070462555894,69.54805465771786,0.032226729911698726,0.07881375770649868
75.79292922813923,69.62686915416323,0.03222460258028548,0.07881449644537497
75.82515169089518,69.7056843945039,0.03222246275595353,0.07881524034067411
75.85737200115769,69.78450038395883,0.032220310262502494,0.07881598945492385
75.88959014607804,69.86331712781084,0.0322181449203498,0.0788167438520162
75.9218061126245,69.94213463140812,0.03221596654645964,0.07881750359727846
75.95401988757864,70.02095290016558,0.032213774954144014,0.07881826875745901
75.9862314575317,70.09977193956635,0.032211569953062735,0.07881903940076995
76.01844080888078,70.17859175516337,0.03220935134908132,0.07881981559701501
76.05064792782488,70.2574123525809,0.032207118944100444,0.07882059741753267
76.0828528003609,70.33623373751617,0.03220487253601334,0.07882138493526725
76.11505541227945,70.41505591574104,0.03220261191854945,0.07882217822486837
76.14725574916059,70.49387889310368,0.03220033688114654,0.07882297736264832
76.1794537963694,70.5727026755304,0.03219804720880859,0.07882378242670995
76.21164953905141,70.65152726902738,0.03219574268200631,0.07882459349698934
76.2438429621279,70.73035267968264,0.03219342307649242,0.07882541065525572
76.2760340502911,70.80917891366785,0.03219108816320215,0.07882623398521105
76.30822278799911,70.88800597724043,0.03218873770801167,0.07882706357257518
76.34040915947082,70.9668338767455,0.03218637147170966,0.07882789950507174
76.37259314868052,71.04566261861805,0.03218398920969889,0.07882874187255595
76.40477473935242,71.12449220938511,0.03218159067189674,0.07882959076705731
76.43695391495498,71.20332265566796,0.03217917560256467,0.07883044628285063
76.46913065869505,71.28215396418449,0.03217674374006663,0.07883130851652709
76.50130495351178,71.36098614175155,0.032174294816726956,0.07883217756706529
76.53347678207037,71.43981919528746,0.0321718285585888,0.07883305353590231
76.56564612675558,71.51865313181453,0.03216934468521515,0.07883393652707582
76.59781296966507,71.59748795846171,0.0321668429094899,0.07883482664718144
76.62997729260242,71.67632368246734,0.03216432293734783,0.07883572400562855
76.66213907706997,71.75516031118192,0.03216178446754725,0.07883662871458341
76.69429830426144,71.83399785207106,0.03215922719147102,0.07883754088913975
76.72645495505418,71.91283631271848,0.03215665079274288,0.07883846064741817
76.7586090100013,71.99167570082913,0.032154054947113764,0.0788393881106515
76.79076044932332,72.07051602423246,0.03215143932202125,0.0788403234033268
76.8229092528997,72.14935729088572,0.032148803576390605,0.07884126665325653
76.85505540025999,72.22819950887744,0.03214614736027954,0.07884221799172053
76.88719887057458,72.30704268643105,0.03214347031459397,0.07884317755360826
76.91933964264521,72.38588683190858,0.03214077207063326,0.07884414547753238
76.95147769489512,72.46473195381458,0.03213805224990551,0.07884512190599935
76.98361300535868,72.54357806080006,0.03213531046355911,0.07884610698548045
77.01574555167082,72.62242516166671,0.03213254631214113,0.07884710086665336
77.04787531105592,72.70127326537123,0.03212975938509999,0.07884810370451589
77.08000226031629,72.78012238102978,0.032126949260373294,0.07884911565855646
77.11212637582021,72.85897251792274,0.032124115503918915,0.07885013689295306
77.14424763348946,72.93782368549947,0.032121257669246006,0.07885116757672961
77.17636600878635,73.01667589338345,0.03211837529688921,0.07885220788398328
77.20848147670024,73.09552915137752,0.03211546791389708,0.07885325799406928
77.24059401173355,73.17438346946933,0.032112535033306244,0.07885431809181398
77.27270358788698,73.25323885783712,0.03210957615343091,0.07885538836778494
77.30481017864435,73.33209532685558,0.03210659075736544,0.07885646901846144
77.33691375695663,73.41095288710216,0.03210357831228805,0.07885756024657553
77.36901429522538,73.48981154936347,0.032100538268750256,0.078858662261311
77.40111176528531,73.56867132464207,0.032097470059923694,0.07885977527860177
77.4332061383862,73.64753222416356,0.032094373100889584,0.07886089952148723
77.465297385174,73.72639425938388,0.03209124678780029,0.07886203522032531
77.49738547567098,73.80525744199714,0.03208809049698402,0.07886318261326153
77.52947037925503,73.88412178394357,0.032084903584049584,0.07886434194642788
77.56155206463797,73.96298729741805,0.03208168538293421,0.0788655134744829
77.59363049984279,74.04185399487895,0.03207843520482356,0.07886669746089581
77.62570565217992,74.12072188905736,0.03207515233712854,0.07886789417841555
77.65777748822218,74.19959099296686,0.03207183604226316,0.07886910390949708
77.68984597377865,74.2784613199137,0.03206848555646502,0.07887032694684137
77.72191107386706,74.35733288350752,0.0320651000884169,0.07887156359382175
77.75397275268499,74.4362056976726,0.0320616788179251,0.07887281416508074
77.7860309735794,74.51507977665973,0.032058220894413125,0.07887407898712695
77.81808569901467,74.59395513505862,0.03205472543527321,0.07887535839888926
77.85013689053893,74.67283178781103,0.0320511915242605,0.07887665275241318
77.88218450874857,74.75170975022459,0.03204761820963142,0.07887796241355716
77.9142285132508,74.83058903798738,0.03204400450223943,0.07887928776278841
77.94626886262421,74.90946966718327,0.03204034937340339,0.07888062919589345
77.97830551437697,74.98835165430823,0.03203665175276171,0.07888198712495864
78.01033842490286,75.06723501628744,0.03203291052588497,0.07888336197920864
78.04236754943452,75.14611977049347,0.03202912453166107,0.07888475420602958
78.07439284199408,75.22500593476553,0.032025292559566765,0.0788861642720633
78.10641425534082,75.3038935274299,0.032021413346740246,0.07888759266437262
78.13843174091562,75.38278256732148,0.03201748557479789,0.07888903989157825
78.17044524878192,75.46167307380686,0.032013507866295754,0.07889050648537932
78.20245472756307,75.54056506680868,0.03200947878114846,0.07889199300181815
78.23446012437554,75.61945856683168,0.0320053968124796,0.07889350002299977
78.2664613847579,75.69835359499037,0.03200126038235851,0.07889502815868354
78.29845845259493,75.77725017303858,0.031997067837025384,0.07889657804821582
78.33045127003668,75.85614832340106,0.03199281744174698,0.07889815036247683
78.36243977741194,75.9350480692071,0.031988507375260156,0.07889974580604076
78.39442391313555,76.01394943432676,0.03198413572361858,0.07890136511966261
78.42640361360918,76.09285244340953,0.031979700473627304,0.07890300908276515
78.45837881311469,76.17175712192584,0.03197519950550998,0.07890467851630945
78.49034944369961,76.25066349621179,0.03197063058492233,0.07890637428594971
78.52231543505393,76.32957159351717,0.031965991354311996,0.07890809730538706
78.55427671437708,76.40848144205732,0.03196127932315562,0.0789098485401496
78.5862332062346,76.48739307106908,0.031956491857513925,0.07891162901175619
78.61818483240282,76.56630651087131,0.03195162616822245,0.07891343980223553
78.65013151170083,76.64522179293054,0.031946679298016534,0.07891528205922782
78.68207315980801,76.72413894993211,0.031941648107178366,0.07891715700156965
78.71400968906558,76.80305801585764,0.03193652925756396,0.07891906592553255
78.74594100826043,76.88197902606942,0.03193131919485381,0.07892101021177211
78.7778670223891,76.9609020174025,0.03192601412867191,0.07892299133308711
78.80978763239943,77.03982702826562,0.03192061001033153,0.07892501086311654
78.84170273490734,77.11875409875178,0.03191510250790941,0.07892707048615932
78.87361222188532,77.19768327075991,0.03190948697798035,0.07892917200813088
78.90551598031917,77.27661458812898,0.031903758433841745,0.07893131736906867
78.93741389182848,77.3555480967862,0.03189791150931853,0.07893350865721516
78.96930583224622,77.4344838449114,0.031891940417736464,0.07893574812520399
79.00119167115106,77.51342188311975,0.031885838904841535,0.07893803820834933
79.03307127134602,77.59236226466558,0.03187960019495506,0.07894038154583427
79.06494448827485,77.67130504567052,0.031873216928829606,0.07894278100494034
79.09681116936663,77.75025028537982,0.0318666810917847,0.07894523970929868
79.12867115329679,77.82919804645134,0.031859983930161206,0.07894776107151813
79.16052426915047,77.90814839528286,0.03185311585367856,0.07895034883152618
79.19237033547104,77.98710140238434,0.03184606632056841,0.07895300710147524
79.22420915917306,78.06605714280327,0.031838823702017294,0.07895574041893383
79.2560405342938,78.14501569661341,0.03183137512074552,0.07895855381013916
79.28786424055161,78.22397714947914,0.03182370625781061,0.07896145286572676
79.31968004167096,78.30294159331129,0.03181580111935034,0.07896444383214885
79.35148768342417,78.38190912703418,0.03180764175320405,0.07896753372288856
79.38328689132518,78.46087985748902,0.03179920790101676,0.07897073045484149
79.41507736789279,78.53985390050626,0.031790476567607584,0.07897404301724009
79.44685878937482,78.61883138218947,0.03178142148202312,0.07897748168321073
79.47863080179023,78.69781244046688,0.031772012415416384,0.07898105827740665
79.51039301609676,78.77679722698619,0.03176221430652504,0.07898478651931384
79.5421450022214,78.85578590945592,0.03175198612464669,0.07898868246972768
79.5738862815889,78.9347786745765,0.03174127936749471,0.07899276512058861
79.60561631762977,79.01377573176524,0.031730036040869436,0.07899705718872951
79.63733450351488,79.09277731797077,0.03171818588511144,0.07900158620553555
79.6690401459923,79.17178370401967,0.03170564247741936,0.07900638604890275
79.70073244359489,79.25079520317591,0.03169229760258929,0.07901149915623762
79.73241045645337,79.32981218300162,0.031678012858478155,0.07901697982570965
79.76407306310287,79.40883508233433,0.03166260664950471,0.07902289933271334
79.79571889617851,79.48786443657193,0.03164583307564328,0.07902935423759061
79.82734624180917,79.56690091724906,0.03162734563065328,0.0790364806771322
